t_rel,state,x_amcl,y_amcl,yaw_amcl,dist_goal_amcl,wz,yaw_gz,x_gz,y_gz
155.03,driving,5.801,7.613,87.0,0.238,0.0,86.4,5.782,7.631
155.09,turning,5.802,7.62,87.0,0.232,-2.4,85.3,5.782,7.632
155.14,turning,5.791,7.642,86.8,0.227,-2.4,84.2,5.782,7.632
155.19,turning,5.782,7.652,86.5,0.229,-2.4,83.1,5.782,7.633
155.25,turning,5.776,7.659,85.2,0.231,-2.4,82.0,5.782,7.634
155.31,turning,5.776,7.659,84.3,0.231,-2.4,80.8,5.782,7.634
155.37,turning,5.776,7.659,82.6,0.231,-2.4,79.7,5.782,7.635
155.42,turning,5.776,7.659,81.7,0.231,-2.4,78.5,5.782,7.635
155.48,turning,5.776,7.659,80.0,0.231,-2.4,77.3,5.782,7.636
155.53,turning,5.776,7.659,79.2,0.231,-2.4,76.2,5.782,7.637
155.59,turning,5.776,7.659,78.3,0.231,-2.4,75.4,5.782,7.637
155.67,turning,5.776,7.659,76.6,0.231,-2.4,73.1,5.782,7.638
155.72,driving,5.776,7.659,75.7,0.231,0.0,73.1,5.783,7.640
155.78,driving,5.776,7.659,74.6,0.23,0.0,73.1,5.784,7.645
155.83,driving,5.777,7.661,74.6,0.229,0.0,73.1,5.787,7.653
155.89,driving,5.779,7.67,74.6,0.222,0.0,73.1,5.790,7.662
155.95,turning,5.783,7.68,74.7,0.214,-2.4,72.9,5.791,7.668
156.01,turning,5.792,7.698,74.3,0.198,-2.4,72.0,5.791,7.669
156.08,turning,5.793,7.7,73.5,0.197,-2.4,69.9,5.792,7.670
156.14,turning,5.793,7.7,71.8,0.197,-2.4,68.8,5.792,7.670
156.20,turning,5.793,7.7,70.9,0.197,-2.4,67.6,5.792,7.671
156.25,turning,5.793,7.7,69.2,0.197,-2.4,66.4,5.792,7.672
156.30,turning,5.793,7.698,68.4,0.197,-2.4,65.1,5.793,7.672
156.36,turning,5.794,7.694,66.9,0.198,-2.4,63.9,5.793,7.673
156.41,turning,5.794,7.693,66.1,0.198,-2.4,62.7,5.793,7.673
156.46,turning,5.794,7.693,64.4,0.198,-2.4,61.5,5.793,7.674
156.52,turning,5.794,7.693,63.5,0.198,-2.4,60.2,5.793,7.675
156.57,driving,5.794,7.693,62.7,0.198,0.0,59.8,5.794,7.676
156.62,driving,5.794,7.694,61.5,0.198,0.0,59.8,5.796,7.680
156.68,driving,5.795,7.695,61.5,0.197,0.0,59.8,5.800,7.686
156.73,driving,5.802,7.703,61.5,0.188,0.0,59.8,5.805,7.695
156.79,driving,5.807,7.709,61.6,0.18,0.0,59.8,5.810,7.703
156.85,driving,5.816,7.722,61.6,0.168,0.0,59.8,5.819,7.719
156.91,driving,5.819,7.729,61.6,0.162,0.0,59.8,5.824,7.728
156.97,turning,5.826,7.742,61.6,0.152,-2.4,59.8,5.827,7.734
157.04,goal_turn,5.83,7.749,61.6,0.147,4.5,59.6,5.828,7.735
157.11,goal_turn,5.838,7.756,63.2,0.139,4.5,67.0,5.826,7.731
157.17,goal_turn,5.843,7.76,66.5,0.133,4.5,71.5,5.825,7.729
157.23,goal_turn,5.847,7.763,73.0,0.128,4.5,75.8,5.824,7.727
157.28,goal_turn,5.847,7.763,76.3,0.128,4.5,80.3,5.823,7.725
157.34,goal_turn,5.847,7.763,82.9,0.128,4.5,84.4,5.822,7.723
157.40,goal_turn,5.847,7.763,86.1,0.128,4.5,88.5,5.821,7.721
157.46,goal_turn,5.847,7.763,92.7,0.128,4.448,92.6,5.819,7.719
157.52,goal_turn,5.847,7.763,95.9,0.128,4.276,99.9,5.817,7.715
157.59,goal_turn,5.847,7.763,102.2,0.128,3.948,103.7,5.816,7.713
157.64,goal_turn,5.847,7.763,105.2,0.128,3.791,106.8,5.815,7.711
157.70,goal_turn,5.847,7.762,107.7,0.129,3.661,110.2,5.814,7.708
157.76,goal_turn,5.844,7.757,111.7,0.133,3.451,113.2,5.812,7.706
157.81,goal_turn,5.842,7.757,113.8,0.134,3.343,116.0,5.811,7.704
157.86,goal_turn,5.84,7.76,117.6,0.136,3.144,118.6,5.810,7.702
157.92,goal_turn,5.839,7.764,119.3,0.136,3.053,121.0,5.808,7.699
157.97,goal_turn,5.838,7.774,122.2,0.137,2.901,123.2,5.807,7.697
158.02,goal_turn,5.833,7.772,123.6,0.142,2.828,125.2,5.805,7.695
158.07,goal_turn,5.82,7.763,126.0,0.156,2.702,127.1,5.804,7.693
158.12,goal_turn,5.821,7.764,127.4,0.154,2.632,128.7,5.803,7.691
158.18,goal_turn,5.828,7.768,129.9,0.147,2.501,130.2,5.801,7.688
158.23,goal_turn,5.828,7.768,131.1,0.147,2.438,132.5,5.799,7.685
158.29,goal_turn,5.827,7.767,133.1,0.148,2.4,133.5,5.798,7.683
158.35,goal_turn,5.829,7.768,134.0,0.146,2.4,134.5,5.796,7.681
158.41,goal_turn,5.833,7.771,135.7,0.142,2.4,135.6,5.795,7.679
158.47,goal_turn,5.833,7.771,136.5,0.142,2.4,136.7,5.794,7.677
158.53,goal_turn,5.833,7.771,137.3,0.142,2.4,137.9,5.793,7.674
158.58,goal_turn,5.831,7.77,138.8,0.144,2.4,139.1,5.791,7.672
158.63,goal_turn,5.828,7.77,139.5,0.147,2.4,140.3,5.790,7.670
158.69,goal_turn,5.826,7.769,140.9,0.149,2.4,141.4,5.789,7.667
158.74,goal_turn,5.826,7.769,141.7,0.149,2.4,142.6,5.788,7.665
158.79,goal_turn,5.825,7.764,143.3,0.151,2.4,143.8,5.787,7.662
158.84,goal_turn,5.823,7.76,144.0,0.152,2.4,145.0,5.786,7.660
158.90,goal_turn,5.822,7.757,145.5,0.154,2.4,146.2,5.785,7.657
158.95,goal_turn,5.822,7.757,146.3,0.154,2.4,147.4,5.784,7.655
159.00,goal_turn,5.822,7.757,148.0,0.154,2.4,148.5,5.783,7.652
159.06,goal_turn,5.822,7.757,148.8,0.154,2.4,149.5,5.783,7.650
159.12,goal_turn,5.819,7.756,150.3,0.157,2.4,151.6,5.781,7.646
159.18,goal_turn,5.816,7.755,150.9,0.16,2.4,152.7,5.781,7.643
159.24,goal_turn,5.814,7.755,152.5,0.162,2.4,153.8,5.780,7.641
159.29,goal_turn,5.814,7.755,153.3,0.162,2.4,154.8,5.779,7.638
159.36,goal_turn,5.814,7.755,155.0,0.162,2.4,155.7,5.779,7.636
159.42,goal_turn,5.814,7.755,155.8,0.162,2.4,156.8,5.778,7.634
159.48,goal_turn,5.814,7.752,156.7,0.162,2.4,157.9,5.778,7.631
159.53,goal_turn,5.815,7.74,158.7,0.163,2.4,160.0,5.777,7.626
159.59,goal_turn,5.816,7.737,159.6,0.164,2.4,161.1,5.777,7.624
159.65,goal_turn,5.816,7.737,161.3,0.164,2.4,162.1,5.777,7.621
159.71,goal_turn,5.816,7.737,162.1,0.164,2.4,163.2,5.776,7.619
159.77,goal_turn,5.816,7.737,163.7,0.164,2.4,164.2,5.776,7.616
159.83,goal_turn,5.816,7.735,164.5,0.164,2.4,165.1,5.776,7.614
159.90,goal_turn,5.817,7.728,165.9,0.165,2.4,167.0,5.776,7.609
159.97,goal_turn,5.817,7.727,166.7,0.165,2.4,168.0,5.776,7.607
160.03,goal_turn,5.817,7.727,168.4,0.165,2.4,169.0,5.776,7.604
160.09,goal_turn,5.817,7.727,169.2,0.165,2.4,170.2,5.776,7.601
160.14,goal_turn,5.817,7.727,170.8,0.165,2.4,171.3,5.776,7.599
160.20,goal_turn,5.817,7.725,171.4,0.166,2.4,172.4,5.777,7.596
160.25,arrived,5.818,7.72,172.6,0.166,0.0,173.6,5.777,7.591
160.32,arrived,5.818,7.719,173.4,0.166,0.0,173.6,5.777,7.591
160.37,arrived,5.818,7.719,173.5,0.166,0.0,173.6,5.777,7.591
160.43,arrived,5.818,7.719,173.5,0.166,0.0,173.6,5.777,7.591
160.48,arrived,5.818,7.719,173.5,0.166,0.0,173.6,5.777,7.591
160.54,arrived,5.823,7.717,173.5,0.166,0.0,173.6,5.777,7.591
160.60,arrived,5.829,7.714,173.5,0.166,0.0,173.6,5.777,7.591
160.66,arrived,5.833,7.711,173.5,0.166,0.0,173.6,5.777,7.591
160.72,arrived,5.833,7.711,173.5,0.166,0.0,173.6,5.777,7.591
160.78,arrived,5.833,7.711,173.5,0.166,0.0,173.6,5.777,7.591
160.83,arrived,5.833,7.711,173.5,0.166,0.0,173.6,5.777,7.591
160.88,arrived,5.833,7.711,173.5,0.166,0.0,173.6,5.777,7.591
160.93,arrived,5.833,7.711,173.5,0.166,0.0,173.6,5.777,7.591
160.98,arrived,5.833,7.711,173.5,0.166,0.0,173.6,5.777,7.591
161.03,arrived,5.833,7.711,173.5,0.166,0.0,173.6,5.777,7.591
161.09,arrived,5.833,7.711,173.5,0.166,0.0,173.6,5.777,7.591
161.14,arrived,5.833,7.711,173.5,0.166,0.0,173.6,5.777,7.591
161.20,arrived,5.833,7.711,173.5,0.166,0.0,173.6,5.777,7.591
161.20,arrived,5.833,7.711,173.5,0.166,0.0,173.6,5.777,7.591
161.31,arrived,5.833,7.711,173.5,0.166,0.0,173.6,5.777,7.591
161.37,arrived,5.833,7.711,173.5,0.166,0.0,173.6,5.777,7.591
161.44,arrived,5.833,7.711,173.5,0.166,0.0,173.6,5.777,7.591
161.50,arrived,5.833,7.711,173.5,0.166,0.0,173.6,5.777,7.591
161.56,arrived,5.833,7.711,173.5,0.166,0.0,173.6,5.777,7.591
161.61,arrived,5.833,7.711,173.5,0.166,0.0,173.6,5.777,7.591
161.67,arrived,5.833,7.711,173.5,0.166,0.0,173.6,5.777,7.591
161.72,arrived,5.833,7.711,173.5,0.166,0.0,173.6,5.777,7.591
161.77,arrived,5.833,7.711,173.5,0.166,0.0,173.6,5.777,7.591
161.82,arrived,5.833,7.711,173.5,0.166,0.0,173.6,5.777,7.591
161.88,arrived,5.833,7.711,173.5,0.166,0.0,173.6,5.777,7.591
161.93,arrived,5.833,7.711,173.5,0.166,0.0,173.6,5.777,7.591
161.98,arrived,5.833,7.711,173.5,0.166,0.0,173.6,5.777,7.591
162.03,arrived,5.833,7.711,173.5,0.166,0.0,173.6,5.777,7.591
162.09,arrived,5.833,7.711,173.5,0.166,0.0,173.6,5.777,7.591
162.14,arrived,5.833,7.711,173.5,0.166,0.0,173.6,5.777,7.591
162.21,arrived,5.833,7.711,173.5,0.166,0.0,173.6,5.777,7.591
162.26,arrived,5.833,7.711,173.5,0.166,0.0,173.6,5.777,7.591
162.32,arrived,5.833,7.711,173.5,0.166,0.0,173.6,5.777,7.591
162.38,arrived,5.833,7.711,173.5,0.166,0.0,173.6,5.777,7.591
162.43,arrived,5.833,7.711,173.5,0.166,0.0,173.6,5.777,7.591
162.48,arrived,5.833,7.711,173.5,0.166,0.0,173.6,5.777,7.591
162.54,arrived,5.833,7.711,173.5,0.166,0.0,173.6,5.777,7.591
162.59,arrived,5.833,7.711,173.5,0.166,0.0,173.6,5.777,7.591
162.64,arrived,5.833,7.711,173.5,0.166,0.0,173.6,5.777,7.591
162.70,arrived,5.833,7.711,173.5,0.166,0.0,173.6,5.777,7.591
162.76,arrived,5.833,7.711,173.5,0.166,0.0,173.6,5.777,7.591
162.82,arrived,5.833,7.711,173.5,0.166,0.0,173.6,5.777,7.591
162.88,arrived,5.833,7.711,173.5,0.166,0.0,173.6,5.777,7.591
162.96,arrived,5.833,7.711,173.5,0.166,0.0,173.6,5.777,7.591
163.03,arrived,5.833,7.711,173.5,0.166,0.0,173.6,5.777,7.591
163.09,arrived,5.833,7.711,173.5,0.166,0.0,173.6,5.777,7.591
163.17,arrived,5.833,7.711,173.5,0.166,0.0,173.6,5.777,7.591
163.28,arrived,5.833,7.711,173.5,0.166,0.0,173.6,5.777,7.591
163.35,arrived,5.833,7.711,173.5,0.166,0.0,173.6,5.777,7.591
163.41,arrived,5.833,7.711,173.5,0.166,0.0,173.6,5.777,7.591
163.47,arrived,5.833,7.711,173.5,0.166,0.0,173.6,5.777,7.591
163.53,arrived,5.833,7.711,173.5,0.166,0.0,173.6,5.777,7.591
163.58,arrived,5.833,7.711,173.5,0.166,0.0,173.6,5.777,7.591
163.63,arrived,5.833,7.711,173.5,0.166,0.0,173.6,5.777,7.591
163.68,arrived,5.833,7.711,173.5,0.166,0.0,173.6,5.777,7.591
163.74,arrived,5.833,7.711,173.5,0.166,0.0,173.6,5.777,7.591
163.79,arrived,5.833,7.711,173.5,0.166,0.0,173.6,5.777,7.591
163.85,arrived,5.833,7.711,173.5,0.166,0.0,173.6,5.777,7.591
163.91,arrived,5.833,7.711,173.5,0.166,0.0,173.6,5.777,7.591
163.96,arrived,5.833,7.711,173.5,0.166,0.0,173.6,5.777,7.591
164.01,arrived,5.833,7.711,173.5,0.166,0.0,173.6,5.777,7.591
164.06,arrived,5.833,7.711,173.5,0.166,0.0,173.6,5.777,7.591
164.12,arrived,5.833,7.711,173.5,0.166,0.0,173.6,5.777,7.591
164.17,arrived,5.833,7.711,173.5,0.166,0.0,173.6,5.777,7.591
164.22,arrived,5.833,7.711,173.5,0.166,0.0,173.6,5.777,7.591
164.27,arrived,5.833,7.711,173.5,0.166,0.0,173.6,5.777,7.591
164.32,arrived,5.833,7.711,173.5,0.166,0.0,173.6,5.777,7.591
164.37,arrived,5.833,7.711,173.5,0.166,0.0,173.6,5.777,7.591
164.42,arrived,5.833,7.711,173.5,0.166,0.0,173.6,5.777,7.591
164.48,arrived,5.833,7.711,173.5,0.166,0.0,173.6,5.777,7.591
164.53,arrived,5.833,7.711,173.5,0.166,0.0,173.6,5.777,7.591
164.59,arrived,5.833,7.711,173.5,0.166,0.0,173.6,5.777,7.591
164.65,arrived,5.833,7.711,173.5,0.166,0.0,173.6,5.777,7.591
164.70,arrived,5.833,7.711,173.5,0.166,0.0,173.6,5.777,7.591
164.75,arrived,5.833,7.711,173.5,0.166,0.0,173.6,5.777,7.591
164.80,arrived,5.833,7.711,173.5,0.166,0.0,173.6,5.777,7.591
164.85,arrived,5.833,7.711,173.5,0.166,0.0,173.6,5.777,7.591
164.90,arrived,5.833,7.711,173.5,0.166,0.0,173.6,5.777,7.591
164.95,arrived,5.833,7.711,173.5,0.166,0.0,173.6,5.777,7.591
165.00,arrived,5.833,7.711,173.5,0.166,0.0,173.6,5.777,7.591
165.05,arrived,5.833,7.711,173.5,0.166,0.0,173.6,5.777,7.591
165.10,arrived,5.833,7.711,173.5,0.166,0.0,173.6,5.777,7.591
165.15,arrived,5.833,7.711,173.5,0.166,0.0,173.6,5.777,7.591
165.20,arrived,5.833,7.711,173.5,0.166,0.0,173.6,5.777,7.591
165.26,arrived,5.833,7.711,173.5,0.166,0.0,173.6,5.777,7.591
165.32,arrived,5.833,7.711,173.5,0.166,0.0,175.0,5.777,7.591
165.38,arrived,5.833,7.711,174.7,0.166,0.0,182.5,5.781,7.591
165.44,arrived,5.833,7.711,-179.5,0.166,0.0,186.6,5.783,7.590
165.49,arrived,5.833,7.711,-176.6,0.166,0.0,190.7,5.786,7.590
165.55,goal_turn,5.833,7.711,-170.7,0.155,-2.4,194.9,5.788,7.590
165.60,goal_turn,5.833,7.711,-167.8,0.155,-2.4,198.8,5.790,7.590
165.65,goal_turn,5.833,7.711,-161.9,0.155,-2.4,199.2,5.790,7.590
165.71,goal_turn,5.833,7.711,-160.7,0.155,-2.4,199.2,5.790,7.590
165.76,goal_turn,5.833,7.711,-160.7,0.155,-2.4,199.2,5.790,7.590
165.81,goal_turn,5.834,7.708,-160.7,0.156,-2.4,199.2,5.790,7.590
165.86,goal_turn,5.837,7.698,-160.6,0.158,-2.4,199.2,5.790,7.590
165.91,goal_turn,5.838,7.698,-160.7,0.157,-2.4,199.2,5.790,7.590
165.96,goal_turn,5.84,7.699,-160.8,0.155,-2.4,199.2,5.790,7.590
166.02,goal_turn,5.835,7.696,-160.5,0.161,-2.4,199.2,5.790,7.590
166.07,goal_turn,5.824,7.689,-160.0,0.174,-2.4,199.2,5.790,7.590
166.13,goal_turn,5.823,7.686,-159.9,0.176,-2.4,199.2,5.790,7.590
166.18,goal_turn,5.823,7.683,-159.8,0.177,-2.4,199.2,5.790,7.590
166.24,goal_turn,5.823,7.68,-159.7,0.179,-2.4,198.8,5.790,7.589
166.29,goal_turn,5.823,7.68,-159.7,0.179,-2.4,197.6,5.790,7.589
166.34,goal_turn,5.823,7.68,-161.3,0.179,-2.4,196.3,5.789,7.589
166.40,goal_turn,5.823,7.68,-162.1,0.179,-2.4,195.2,5.789,7.589
166.46,goal_turn,5.823,7.68,-163.9,0.179,-2.4,192.8,5.787,7.588
166.51,goal_turn,5.823,7.68,-164.7,0.179,-2.4,191.6,5.787,7.588
166.56,goal_turn,5.823,7.68,-166.4,0.179,-2.4,190.5,5.786,7.588
166.62,goal_turn,5.823,7.68,-167.3,0.179,-2.4,189.3,5.786,7.588
166.68,goal_turn,5.823,7.68,-169.0,0.179,-2.4,188.2,5.785,7.588
166.73,goal_turn,5.823,7.68,-169.9,0.179,-2.4,187.1,5.784,7.588
166.79,goal_turn,5.823,7.68,-171.6,0.179,-2.4,185.9,5.784,7.587
166.85,goal_turn,5.823,7.68,-172.5,0.179,-2.4,185.0,5.783,7.587
166.92,goal_turn,5.823,7.68,-174.2,0.179,-2.4,183.8,5.783,7.587
166.97,goal_turn,5.823,7.68,-175.0,0.179,-2.4,181.5,5.782,7.587
167.03,arrived,5.823,7.68,-176.7,0.179,0.0,181.1,5.781,7.587
167.08,arrived,5.823,7.68,-177.6,0.179,0.0,181.1,5.781,7.587
167.13,arrived,5.825,7.679,-177.9,0.179,0.0,181.1,5.781,7.587
167.19,arrived,5.833,7.675,-178.2,0.179,0.0,181.1,5.781,7.587
167.24,arrived,5.835,7.674,-178.2,0.179,0.0,181.1,5.781,7.587
167.29,arrived,5.835,7.674,-178.2,0.179,0.0,181.1,5.781,7.587
167.34,arrived,5.835,7.674,-178.2,0.179,0.0,181.1,5.781,7.587
167.39,arrived,5.835,7.674,-178.2,0.179,0.0,181.1,5.781,7.587
167.44,arrived,5.837,7.674,-178.0,0.179,0.0,181.1,5.781,7.587
167.50,arrived,5.843,7.676,-177.2,0.179,0.0,181.1,5.781,7.587
167.55,arrived,5.844,7.676,-177.1,0.179,0.0,181.1,5.781,7.587
167.61,arrived,5.844,7.676,-177.1,0.179,0.0,181.1,5.781,7.587
167.66,arrived,5.844,7.676,-177.1,0.179,0.0,181.1,5.781,7.587
167.72,arrived,5.844,7.676,-177.1,0.179,0.0,181.1,5.781,7.587
167.77,arrived,5.844,7.676,-177.1,0.179,0.0,181.1,5.781,7.587
167.82,arrived,5.844,7.676,-177.1,0.179,0.0,181.1,5.781,7.587
167.87,arrived,5.844,7.676,-177.1,0.179,0.0,181.1,5.781,7.587
167.93,arrived,5.844,7.676,-177.1,0.179,0.0,181.1,5.781,7.587
167.98,arrived,5.844,7.676,-177.1,0.179,0.0,181.1,5.781,7.587
168.03,arrived,5.844,7.676,-177.1,0.179,0.0,181.1,5.781,7.587
168.08,arrived,5.844,7.676,-177.1,0.179,0.0,181.1,5.781,7.587
168.13,arrived,5.844,7.676,-177.1,0.179,0.0,181.1,5.781,7.587
168.18,arrived,5.844,7.676,-177.1,0.179,0.0,181.1,5.781,7.587
168.23,arrived,5.844,7.676,-177.1,0.179,0.0,181.1,5.781,7.587
168.28,arrived,5.844,7.676,-177.1,0.179,0.0,181.1,5.781,7.587
168.34,arrived,5.844,7.676,-177.1,0.179,0.0,181.1,5.781,7.587
168.40,arrived,5.844,7.676,-177.1,0.179,0.0,181.1,5.781,7.587
168.46,arrived,5.844,7.676,-177.1,0.179,0.0,181.1,5.781,7.587
168.53,arrived,5.844,7.676,-177.1,0.179,0.0,181.1,5.781,7.587
168.59,arrived,5.844,7.676,-177.1,0.179,0.0,181.1,5.781,7.587
168.64,arrived,5.844,7.676,-177.1,0.179,0.0,181.1,5.781,7.587
168.69,arrived,5.844,7.676,-177.1,0.179,0.0,181.1,5.781,7.587
168.75,arrived,5.844,7.676,-177.1,0.179,0.0,181.1,5.781,7.587
168.80,arrived,5.844,7.676,-177.1,0.179,0.0,181.1,5.781,7.587
168.86,arrived,5.844,7.676,-177.1,0.179,0.0,181.1,5.781,7.587
168.91,arrived,5.844,7.676,-177.1,0.179,0.0,181.1,5.781,7.587
168.96,arrived,5.844,7.676,-177.1,0.179,0.0,181.1,5.781,7.587
169.02,arrived,5.844,7.676,-177.1,0.179,0.0,181.1,5.781,7.587
169.07,arrived,5.844,7.676,-177.1,0.179,0.0,181.1,5.781,7.587
169.12,arrived,5.844,7.676,-177.1,0.179,0.0,181.1,5.781,7.587
169.18,arrived,5.844,7.676,-177.1,0.179,0.0,181.1,5.781,7.587
169.25,arrived,5.844,7.676,-177.1,0.179,0.0,181.1,5.781,7.587
169.30,arrived,5.844,7.676,-177.1,0.179,0.0,181.1,5.781,7.587
169.36,arrived,5.844,7.676,-177.1,0.179,0.0,181.1,5.781,7.587
169.42,arrived,5.844,7.676,-177.1,0.179,0.0,181.1,5.781,7.587
169.47,arrived,5.844,7.676,-177.1,0.179,0.0,181.1,5.781,7.587
169.52,arrived,5.844,7.676,-177.1,0.179,0.0,181.1,5.781,7.587
169.57,arrived,5.844,7.676,-177.1,0.179,0.0,181.1,5.781,7.587
169.62,arrived,5.844,7.676,-177.1,0.179,0.0,181.1,5.781,7.587
169.68,arrived,5.844,7.676,-177.1,0.179,0.0,181.1,5.781,7.587
169.73,arrived,5.844,7.676,-177.1,0.179,0.0,181.1,5.781,7.587
169.78,arrived,5.844,7.676,-177.1,0.179,0.0,181.1,5.781,7.587
169.83,arrived,5.844,7.676,-177.1,0.179,0.0,181.1,5.781,7.587
169.90,arrived,5.844,7.676,-177.1,0.179,0.0,181.1,5.781,7.587
169.96,arrived,5.844,7.676,-177.1,0.179,0.0,181.1,5.781,7.587
170.02,arrived,5.844,7.676,-177.1,0.179,0.0,181.1,5.781,7.587
170.08,arrived,5.844,7.676,-177.1,0.179,0.0,181.1,5.781,7.587
170.14,arrived,5.844,7.676,-177.1,0.179,0.0,181.1,5.781,7.587
170.20,arrived,5.844,7.676,-177.1,0.179,0.0,181.1,5.781,7.587
170.26,arrived,5.844,7.676,-177.1,0.179,0.0,181.1,5.781,7.587
170.32,arrived,5.844,7.676,-177.1,0.179,0.0,181.1,5.781,7.587
170.37,arrived,5.844,7.676,-177.1,0.179,0.0,181.1,5.781,7.587
170.44,arrived,5.844,7.676,-177.1,0.179,0.0,181.1,5.781,7.587
170.49,arrived,5.844,7.676,-177.1,0.179,0.0,181.1,5.781,7.587
170.54,arrived,5.844,7.676,-177.1,0.179,0.0,181.1,5.781,7.587
170.60,arrived,5.844,7.676,-177.1,0.179,0.0,181.1,5.781,7.587
170.66,arrived,5.844,7.676,-177.1,0.179,0.0,181.1,5.781,7.587
170.72,arrived,5.844,7.676,-177.1,0.179,0.0,181.1,5.781,7.587
170.79,arrived,5.844,7.676,-177.1,0.179,0.0,181.1,5.781,7.587
170.85,arrived,5.844,7.676,-177.1,0.179,0.0,181.1,5.781,7.587
170.91,arrived,5.844,7.676,-177.1,0.179,0.0,181.1,5.781,7.587
170.97,arrived,5.844,7.676,-177.1,0.179,0.0,181.1,5.781,7.587
171.04,arrived,5.844,7.676,-177.1,0.179,0.0,181.1,5.781,7.587
171.09,arrived,5.844,7.676,-177.1,0.179,0.0,181.1,5.781,7.587
171.16,arrived,5.844,7.676,-177.1,0.179,0.0,181.1,5.781,7.587
171.21,arrived,5.844,7.676,-177.1,0.179,0.0,181.1,5.781,7.587
171.27,arrived,5.844,7.676,-177.1,0.179,0.0,181.1,5.781,7.587
171.33,arrived,5.844,7.676,-177.1,0.179,0.0,181.1,5.781,7.587
171.39,arrived,5.844,7.676,-177.1,0.179,0.0,181.1,5.781,7.587
171.45,arrived,5.844,7.676,-177.1,0.179,0.0,181.1,5.781,7.587
171.52,arrived,5.844,7.676,-177.1,0.179,0.0,181.1,5.781,7.587
171.59,arrived,5.844,7.676,-177.1,0.179,0.0,181.1,5.781,7.587
171.66,arrived,5.844,7.676,-177.1,0.179,0.0,181.1,5.781,7.587
171.71,arrived,5.844,7.676,-177.1,0.179,0.0,181.1,5.781,7.587
171.76,arrived,5.844,7.676,-177.1,0.179,0.0,181.1,5.781,7.587
171.81,arrived,5.844,7.676,-177.1,0.179,0.0,181.1,5.781,7.587
171.87,arrived,5.844,7.676,-177.1,0.179,0.0,181.1,5.781,7.587
171.92,arrived,5.844,7.676,-177.1,0.179,0.0,181.1,5.781,7.587
171.97,arrived,5.844,7.676,-177.1,0.179,0.0,181.1,5.781,7.587
172.02,arrived,5.844,7.676,-177.1,0.179,0.0,181.1,5.781,7.587
172.07,arrived,5.844,7.676,-177.1,0.179,0.0,181.1,5.781,7.587
172.12,arrived,5.844,7.676,-177.1,0.179,0.0,181.1,5.781,7.587
172.18,arrived,5.844,7.676,-177.1,0.179,0.0,181.1,5.781,7.587
172.23,arrived,5.844,7.676,-177.1,0.179,0.0,181.1,5.781,7.587
172.31,arrived,5.844,7.676,-177.1,0.179,0.0,181.1,5.781,7.587
172.31,arrived,5.844,7.676,-177.1,0.179,0.0,181.1,5.781,7.587
172.45,arrived,5.844,7.676,-177.1,0.179,0.0,181.1,5.781,7.587
172.51,arrived,5.844,7.676,-177.1,0.179,0.0,181.1,5.781,7.587
172.56,arrived,5.844,7.676,-177.1,0.179,0.0,181.1,5.781,7.587
172.62,arrived,5.844,7.676,-177.1,0.179,0.0,181.1,5.781,7.587
172.67,arrived,5.844,7.676,-177.1,0.179,0.0,181.1,5.781,7.587
172.72,arrived,5.844,7.676,-177.1,0.179,0.0,181.1,5.781,7.587
172.77,arrived,5.844,7.676,-177.1,0.179,0.0,181.1,5.781,7.587
172.82,arrived,5.844,7.676,-177.1,0.179,0.0,181.1,5.781,7.587
172.87,arrived,5.844,7.676,-177.1,0.179,0.0,181.4,5.782,7.587
172.93,arrived,5.844,7.676,-177.1,0.179,0.0,185.2,5.783,7.587
172.98,goal_turn,5.844,7.676,-175.9,0.164,-2.4,189.3,5.786,7.587
173.04,goal_turn,5.844,7.676,-170.1,0.164,-2.4,192.9,5.787,7.587
173.10,goal_turn,5.844,7.676,-167.2,0.164,-2.4,196.4,5.789,7.587
173.16,goal_turn,5.844,7.676,-161.3,0.164,-2.4,198.1,5.790,7.587
173.23,goal_turn,5.844,7.676,-159.9,0.164,-2.4,198.1,5.790,7.587
173.28,goal_turn,5.844,7.676,-159.9,0.164,-2.4,198.1,5.790,7.587
173.33,goal_turn,5.844,7.676,-159.9,0.164,-2.4,198.1,5.790,7.587
173.38,goal_turn,5.844,7.676,-159.9,0.164,-2.4,198.1,5.790,7.587
173.44,goal_turn,5.844,7.676,-159.9,0.164,-2.4,198.1,5.790,7.587
173.49,goal_turn,5.844,7.676,-159.9,0.164,-2.4,198.1,5.790,7.587
173.56,goal_turn,5.841,7.676,-160.1,0.167,-2.4,198.1,5.790,7.587
173.62,goal_turn,5.834,7.676,-160.5,0.172,-2.4,198.1,5.790,7.587
173.68,goal_turn,5.843,7.678,-160.3,0.164,-2.4,198.1,5.790,7.587
173.74,goal_turn,5.864,7.682,-159.6,0.145,-2.4,198.1,5.790,7.587
173.80,goal_turn,5.865,7.682,-159.6,0.144,-2.4,196.5,5.790,7.586
173.87,goal_turn,5.865,7.682,-160.3,0.144,-2.4,195.6,5.789,7.586
173.95,goal_turn,5.865,7.682,-162.1,0.144,-2.4,194.6,5.789,7.586
174.02,goal_turn,5.865,7.682,-162.9,0.144,-2.4,192.7,5.788,7.586
174.09,turning,5.865,7.682,-164.6,6.81,-4.5,191.6,5.787,7.586
174.16,turning,5.865,7.682,-165.5,6.81,-4.5,186.2,5.785,7.585
174.26,turning,5.865,7.682,-171.8,6.81,-4.5,183.2,5.783,7.585
174.34,turning,5.865,7.682,-175.3,6.81,-4.5,176.0,5.779,7.584
174.41,turning,5.865,7.682,177.9,6.81,-4.5,172.3,5.777,7.583
174.49,turning,5.865,7.682,174.4,6.81,-4.5,164.6,5.773,7.583
174.55,turning,5.865,7.682,167.5,6.81,-4.5,160.5,5.771,7.582
174.62,turning,5.865,7.682,164.1,6.81,-4.5,156.5,5.768,7.582
174.69,turning,5.865,7.682,157.2,6.81,-4.5,149.1,5.763,7.581
174.75,turning,5.865,7.682,153.8,6.81,-4.5,145.3,5.761,7.581
174.82,turning,5.852,7.681,146.6,6.802,-4.5,140.9,5.758,7.581
174.89,turning,5.843,7.68,143.0,6.795,-4.5,137.0,5.755,7.581
174.95,turning,5.843,7.681,136.1,6.796,-4.5,128.1,5.748,7.581
175.01,turning,5.847,7.682,132.7,6.799,-4.5,123.5,5.745,7.581
175.06,turning,5.848,7.682,129.3,6.799,-4.5,119.5,5.741,7.581
175.12,turning,5.843,7.676,122.4,6.792,-4.256,115.6,5.738,7.582
175.19,turning,5.839,7.674,119.0,6.788,-4.078,111.8,5.734,7.582
175.25,turning,5.829,7.669,113.1,6.778,-3.765,105.0,5.727,7.584
175.31,turning,5.825,7.669,110.1,6.775,-3.612,102.6,5.724,7.584
175.38,turning,5.819,7.67,104.9,6.772,-3.34,100.4,5.721,7.585
175.46,turning,5.82,7.67,102.4,6.772,-3.207,98.3,5.718,7.585
175.53,turning,5.827,7.667,98.0,6.775,-2.976,94.5,5.712,7.587
175.60,turning,5.826,7.664,96.1,6.771,-2.879,92.6,5.708,7.588
175.60,turning,5.826,7.664,96.1,6.771,-2.879,92.6,5.708,7.588
175.72,turning,5.82,7.65,92.1,6.757,-2.669,87.6,5.697,7.590
175.78,turning,5.815,7.643,90.1,6.749,-2.564,86.2,5.693,7.591
175.84,turning,5.816,7.64,88.9,6.748,-2.498,85.0,5.690,7.592
175.90,turning,5.82,7.635,86.5,6.746,-2.4,83.7,5.686,7.593
175.96,turning,5.82,7.633,85.5,6.744,-2.4,82.7,5.683,7.594
