t,state,x,y,yaw_deg,i0,ci,n,aim_x,aim_y,herr_deg,dist_aim,dist_goal,vx,wz,la,clear
1787939401.641,driving,11.51,6.666,3.0,2,13,14,12.075,6.525,-7.3,0.582,0.582,0.267,0.0,1.5,0.85
1787939401.696,driving,11.533,6.669,3.1,2,13,14,12.075,6.525,-7.7,0.561,0.561,0.266,0.0,1.5,0.84
1787939401.746,driving,11.542,6.67,3.1,0,11,12,12.075,6.525,-7.9,0.553,0.553,0.266,0.0,1.5,0.84
1787939401.805,driving,11.56,6.671,3.1,1,11,12,12.075,6.525,-8.2,0.536,0.536,0.266,0.0,1.5,0.84
1787939401.862,driving,11.569,6.671,3.1,1,11,12,12.075,6.525,-8.5,0.527,0.527,0.266,0.0,1.5,0.84
1787939401.92,driving,11.592,6.677,3.1,1,11,12,12.075,6.525,-8.7,0.506,0.506,0.267,0.0,1.5,0.85
1787939401.984,driving,11.605,6.681,3.0,1,11,12,12.075,6.525,-9.0,0.495,0.495,0.267,0.0,1.5,0.85
1787939402.041,driving,11.616,6.683,3.0,2,11,12,12.075,6.525,-9.3,0.485,0.485,0.3,0.0,1.5,2.31
1787939402.096,driving,11.635,6.684,3.0,2,11,12,12.075,6.525,-9.6,0.468,0.468,0.3,0.0,1.5,2.31
1787939402.152,driving,11.645,6.685,3.0,2,11,12,12.075,6.525,-9.9,0.459,0.459,0.3,0.0,1.5,2.29
1787939402.203,driving,11.665,6.686,3.0,3,11,12,12.075,6.525,-10.3,0.44,0.44,0.3,0.0,1.5,2.29
1787939402.256,driving,11.676,6.686,3.0,3,11,12,12.075,6.525,-10.7,0.431,0.431,0.3,0.0,1.5,2.26
1787939402.31,driving,11.696,6.688,3.0,3,11,12,12.075,6.525,-11.0,0.412,0.412,0.3,0.0,1.5,2.26
1787939402.362,driving,11.706,6.688,3.0,3,11,12,12.075,6.525,-11.4,0.403,0.403,0.3,0.0,1.5,2.23
1787939402.417,driving,11.727,6.689,3.0,4,11,12,12.075,6.525,-11.8,0.385,0.385,0.289,0.0,1.5,2.23
1787939402.479,driving,11.74,6.692,3.1,4,11,12,12.075,6.525,-12.4,0.374,0.374,0.28,0.0,1.5,2.2
1787939402.533,driving,11.77,6.699,3.6,5,11,12,12.075,6.525,-13.4,0.351,0.351,0.263,0.0,1.5,2.2
1787939402.59,driving,11.781,6.7,3.6,5,11,12,12.075,6.525,-13.9,0.342,0.342,0.257,0.0,1.5,2.17
1787939402.649,driving,11.798,6.701,3.6,5,11,12,12.075,6.525,-14.5,0.328,0.328,0.246,0.0,1.5,2.17
1787939402.711,driving,11.807,6.702,3.6,5,11,12,12.075,6.525,-15.0,0.321,0.321,0.241,0.0,1.5,2.14
1787939402.772,driving,11.824,6.703,3.6,0,6,7,12.075,6.525,-15.6,0.308,0.308,0.231,0.0,1.5,2.14
1787939402.83,turning,11.832,6.703,3.6,0,6,7,12.075,6.525,-16.2,0.301,0.301,0.0,-2.4,1.5,2.12
1787939402.885,turning,11.841,6.704,2.9,1,6,7,12.075,6.525,-16.2,0.294,0.294,0.0,-2.4,1.5,2.12
1787939402.937,turning,11.846,6.709,2.3,1,6,7,12.075,6.525,-16.2,0.294,0.294,0.0,-2.4,1.5,2.1
1787939402.989,turning,11.851,6.715,1.7,1,6,7,12.075,6.525,-16.2,0.294,0.294,0.0,-2.4,1.5,2.1
1787939403.041,turning,11.856,6.72,0.3,1,6,7,12.075,6.525,-15.4,0.294,0.294,0.0,-2.4,1.5,2.09
1787939403.094,turning,11.856,6.72,-0.6,1,6,7,12.075,6.525,-15.2,0.294,0.294,0.0,-2.4,1.5,2.09
1787939403.147,turning,11.856,6.72,-2.3,1,6,7,12.075,6.525,-14.2,0.294,0.294,0.0,-2.4,1.5,2.09
1787939403.199,turning,11.856,6.72,-3.2,1,6,7,12.075,6.525,-13.9,0.294,0.294,0.0,-2.4,1.5,2.09
1787939403.252,turning,11.856,6.72,-4.9,1,6,7,12.075,6.525,-12.8,0.294,0.294,0.0,-2.4,1.5,2.09
1787939403.303,turning,11.856,6.72,-5.7,1,6,7,12.075,6.525,-12.5,0.294,0.294,0.0,-2.4,1.5,2.09
1787939403.362,driving,11.856,6.72,-7.5,1,6,7,12.075,6.525,-11.4,0.294,0.294,0.22,0.0,1.5,2.09
1787939403.421,driving,11.856,6.72,-8.3,1,6,7,12.075,6.525,-11.1,0.294,0.294,0.22,0.0,1.5,2.09
1787939403.48,driving,11.859,6.72,-8.4,1,6,7,12.075,6.525,-11.5,0.291,0.291,0.22,0.0,1.5,2.09
1787939403.54,driving,11.863,6.719,-8.4,1,6,7,12.075,6.525,-12.1,0.288,0.288,0.22,0.0,1.5,2.09
1787939403.601,driving,11.878,6.72,-8.1,1,6,7,12.075,6.525,-13.1,0.277,0.277,0.22,0.0,1.5,2.08
1787939403.654,driving,11.887,6.72,-7.8,1,6,7,12.075,6.525,-14.0,0.271,0.271,0.22,0.0,1.5,2.08
1787939403.709,driving,11.903,6.719,-7.6,1,6,7,12.075,6.525,-14.8,0.26,0.26,0.22,0.0,1.5,2.06
1787939403.76,driving,11.91,6.718,-7.6,1,6,7,12.075,6.525,-15.5,0.254,0.254,0.22,0.0,1.5,2.06
1787939403.815,turning,11.925,6.716,-7.6,0,4,5,12.075,6.525,-16.2,0.243,0.243,0.0,-2.4,1.5,2.04
1787939403.867,turning,11.932,6.715,-7.6,0,4,5,12.075,6.525,-16.9,0.238,0.238,0.0,-2.4,1.5,2.04
1787939403.919,turning,11.933,6.716,-8.2,0,4,5,12.075,6.525,-17.0,0.238,0.238,0.0,-2.4,1.5,2.01
1787939403.971,turning,11.928,6.717,-10.2,0,4,5,12.075,6.525,-15.7,0.242,0.242,0.0,-2.4,1.5,2.01
1787939404.022,turning,11.926,6.718,-11.1,0,4,5,12.075,6.525,-15.4,0.244,0.244,0.0,-2.4,1.5,2.01
1787939404.076,turning,11.926,6.718,-12.8,0,4,5,12.075,6.525,-14.4,0.244,0.244,0.0,-2.4,1.5,2.01
1787939404.129,turning,11.926,6.718,-13.7,0,4,5,12.075,6.525,-14.1,0.244,0.244,0.0,-2.4,1.5,2.01
1787939404.188,turning,11.926,6.718,-15.4,0,4,5,12.075,6.525,-13.0,0.244,0.244,0.0,-2.4,1.5,2.01
1787939404.247,turning,11.926,6.718,-16.3,0,4,5,12.075,6.525,-12.8,0.244,0.244,0.0,-2.4,1.5,2.01
1787939404.308,turning,11.926,6.718,-18.0,0,4,5,12.075,6.525,-11.6,0.244,0.244,0.0,-2.4,1.5,2.01
1787939404.369,driving,11.926,6.718,-18.8,0,4,5,12.075,6.525,-11.3,0.244,0.244,0.22,0.0,1.5,2.01
1787939404.422,driving,11.927,6.718,-19.8,0,4,5,12.075,6.525,-10.9,0.243,0.243,0.22,0.0,1.5,2.01
1787939404.475,driving,11.929,6.717,-19.8,0,4,5,12.075,6.525,-11.4,0.241,0.241,0.22,0.0,1.5,2.01
1787939404.526,driving,11.939,6.713,-19.8,0,4,5,12.075,6.525,-12.0,0.233,0.233,0.22,0.0,1.5,2.01
1787939404.582,driving,11.946,6.711,-19.8,0,4,5,12.075,6.525,-12.6,0.227,0.227,0.22,0.0,1.5,1.99
1787939404.635,driving,11.96,6.706,-19.8,1,4,5,12.075,6.525,-13.2,0.214,0.214,0.22,0.0,1.5,1.99
1787939404.689,driving,11.967,6.701,-19.8,1,4,5,12.075,6.525,-13.8,0.207,0.207,0.22,0.0,1.5,1.97
1787939404.739,driving,11.98,6.692,-20.0,1,4,5,12.075,6.525,-14.3,0.192,0.192,0.22,0.0,1.5,1.97
1787939404.795,driving,11.987,6.689,-20.0,0,3,4,12.075,6.525,-15.0,0.186,0.186,0.22,0.0,1.5,1.95
1787939404.847,driving,11.994,6.687,-20.0,0,3,4,12.075,6.525,-15.7,0.181,0.181,0.22,0.0,1.5,1.95
1787939404.904,turning,12.008,6.682,-20.0,0,3,4,12.075,6.525,-16.5,0.17,0.17,0.0,-2.4,1.5,1.93
1787939404.959,turning,12.015,6.679,-20.0,0,3,4,12.075,6.525,-17.3,0.165,0.165,0.0,-2.4,1.5,1.93
1787939405.02,turning,12.016,6.679,-21.6,0,3,4,12.075,6.525,-16.4,0.165,0.165,0.0,-2.4,1.5,1.91
1787939405.081,turning,12.016,6.679,-22.5,0,3,4,12.075,6.525,-16.3,0.165,0.165,0.0,-2.4,1.5,1.91
1787939405.137,turning,12.016,6.679,-24.2,0,3,4,12.075,6.525,-15.3,0.165,0.165,0.0,-2.4,1.5,1.91
1787939405.191,turning,12.016,6.679,-25.1,0,3,4,12.075,6.525,-15.2,0.165,0.165,0.0,-2.4,1.5,1.91
1787939405.244,turning,12.016,6.679,-26.8,0,3,4,12.075,6.525,-14.2,0.165,0.165,0.0,-2.4,1.5,1.91
1787939405.298,turning,12.016,6.679,-27.6,0,3,4,12.075,6.525,-14.0,0.165,0.165,0.0,-2.4,1.5,1.91
1787939405.353,turning,12.016,6.679,-29.3,0,3,4,12.075,6.525,-13.0,0.165,0.165,0.0,-2.4,1.5,1.91
1787939405.404,turning,12.016,6.679,-30.2,0,3,4,12.075,6.525,-12.8,0.165,0.165,0.0,-2.4,1.5,1.91
1787939405.456,driving,12.016,6.679,-31.9,0,3,4,12.075,6.525,-11.7,0.165,0.165,0.22,0.0,1.5,1.91
1787939405.513,driving,12.016,6.679,-32.8,0,3,4,12.075,6.525,-11.5,0.165,0.165,0.22,0.0,1.5,1.91
1787939405.566,driving,12.022,6.673,-32.7,0,3,4,12.075,6.525,-12.2,0.158,0.158,0.22,0.0,1.5,1.91
1787939405.617,driving,12.028,6.668,-32.6,1,3,4,12.075,6.525,-12.9,0.151,0.151,0.22,0.0,1.5,1.91
1787939405.672,goal_turn,12.04,6.659,-32.6,3,3,4,12.075,6.525,115.6,0.0,0.139,0.0,4.5,,1.9
1787939405.73,goal_turn,12.047,6.655,-32.6,3,3,4,12.075,6.525,115.6,0.0,0.134,0.0,4.5,,1.9
1787939405.792,goal_turn,12.048,6.655,-29.9,3,3,4,12.075,6.525,112.9,0.0,0.133,0.0,4.5,,1.88
1787939405.849,goal_turn,12.048,6.655,-23.3,3,3,4,12.075,6.525,106.3,0.0,0.133,0.0,4.5,,1.88
1787939405.908,goal_turn,12.049,6.656,-20.1,3,3,4,12.075,6.525,103.1,0.0,0.134,0.0,4.5,,1.88
1787939405.962,goal_turn,12.054,6.661,-13.8,3,3,4,12.075,6.525,96.8,0.0,0.138,0.0,4.5,,1.88
1787939406.015,goal_turn,12.055,6.662,-10.5,3,3,4,12.075,6.525,93.5,0.0,0.139,0.0,4.5,,1.88
1787939406.071,goal_turn,12.055,6.662,-4.0,3,3,4,12.075,6.525,87.0,0.0,0.139,0.0,4.5,,1.88
1787939406.125,goal_turn,12.055,6.662,-0.7,3,3,4,12.075,6.525,83.7,0.0,0.139,0.0,4.383,,1.89
1787939406.177,goal_turn,12.055,6.662,5.7,3,3,4,12.075,6.525,77.3,0.0,0.139,0.0,4.046,,1.89
1787939406.231,goal_turn,12.055,6.662,8.9,3,3,4,12.075,6.525,74.1,0.0,0.139,0.0,3.882,,1.89
1787939406.283,goal_turn,12.055,6.662,14.3,3,3,4,12.075,6.525,68.7,0.0,0.139,0.0,3.598,,1.89
1787939406.338,goal_turn,12.06,6.659,16.5,3,3,4,12.075,6.525,66.5,0.0,0.135,0.0,3.48,,1.9
1787939406.338,goal_turn,12.06,6.659,16.5,3,3,4,12.075,6.525,66.5,0.0,0.135,0.0,3.48,,1.9
1787939406.445,goal_turn,12.071,6.649,22.0,3,3,4,12.075,6.525,61.0,0.0,0.124,0.0,3.194,,1.9
1787939406.502,goal_turn,12.071,6.649,25.5,3,3,4,12.075,6.525,57.5,0.0,0.124,0.0,3.011,,1.9
1787939406.564,goal_turn,12.073,6.648,27.4,3,3,4,12.075,6.525,55.6,0.0,0.123,0.0,2.911,,1.91
1787939406.62,goal_turn,12.079,6.645,30.8,3,3,4,12.075,6.525,52.2,0.0,0.12,0.0,2.731,,1.91
1787939406.678,goal_turn,12.082,6.646,32.2,3,3,4,12.075,6.525,50.8,0.0,0.121,0.0,2.658,,0.69
1787939406.73,goal_turn,12.086,6.646,33.4,3,3,4,12.075,6.525,49.6,0.0,0.122,0.0,2.595,,0.69
1787939406.787,goal_turn,12.091,6.647,35.6,3,3,4,12.075,6.525,47.4,0.0,0.123,0.0,2.481,,0.64
1787939406.838,goal_turn,12.092,6.648,36.7,2,2,3,12.075,6.525,46.3,0.0,0.124,0.0,2.427,,0.64
1787939406.892,goal_turn,12.09,6.653,38.4,2,2,3,12.075,6.525,44.6,0.0,0.129,0.0,2.4,,0.62
1787939406.942,goal_turn,12.087,6.657,39.3,2,2,3,12.075,6.525,43.7,0.0,0.133,0.0,2.4,,0.62
1787939406.996,goal_turn,12.081,6.666,41.0,2,2,3,12.075,6.525,42.0,0.0,0.141,0.0,2.4,,0.62
1787939407.047,goal_turn,12.077,6.67,41.8,2,2,3,12.075,6.525,41.2,0.0,0.145,0.0,2.4,,0.62
1787939407.1,goal_turn,12.074,6.674,43.5,2,2,3,12.075,6.525,39.5,0.0,0.149,0.0,2.4,,0.62
1787939407.151,goal_turn,12.074,6.674,44.3,2,2,3,12.075,6.525,38.7,0.0,0.149,0.0,2.4,,0.62
1787939407.208,goal_turn,12.069,6.67,45.9,2,2,3,12.075,6.525,37.1,0.0,0.145,0.0,2.4,,0.62
1787939407.263,goal_turn,12.065,6.667,46.7,2,2,3,12.075,6.525,36.3,0.0,0.142,0.0,2.4,,0.62
1787939407.323,goal_turn,12.063,6.664,48.3,2,2,3,12.075,6.525,34.7,0.0,0.14,0.0,2.4,,0.62
1787939407.386,goal_turn,12.063,6.664,49.1,2,2,3,12.075,6.525,33.8,0.0,0.14,0.0,2.4,,0.62
1787939407.445,goal_turn,12.063,6.664,50.8,2,2,3,12.075,6.525,32.2,0.0,0.14,0.0,2.4,,0.61
1787939407.501,goal_turn,12.063,6.664,51.6,2,2,3,12.075,6.525,31.4,0.0,0.14,0.0,2.4,,0.61
1787939407.553,goal_turn,12.063,6.663,52.7,2,2,3,12.075,6.525,30.3,0.0,0.138,0.0,2.4,,0.61
1787939407.607,goal_turn,12.062,6.661,53.1,2,2,3,12.075,6.525,29.9,0.0,0.137,0.0,2.4,,0.61
1787939407.662,goal_turn,12.062,6.66,53.8,2,2,3,12.075,6.525,29.2,0.0,0.136,0.0,2.4,,0.61
1787939407.715,goal_turn,12.062,6.66,55.4,2,2,3,12.075,6.525,27.6,0.0,0.136,0.0,2.4,,0.61
1787939407.77,goal_turn,12.062,6.66,56.2,2,2,3,12.075,6.525,26.8,0.0,0.136,0.0,2.4,,0.61
1787939407.822,goal_turn,12.062,6.66,57.9,2,2,3,12.075,6.525,25.1,0.0,0.136,0.0,2.4,,0.61
1787939407.88,goal_turn,12.063,6.662,58.6,3,3,4,12.075,6.525,24.4,0.0,0.138,0.0,2.4,,0.61
1787939407.933,goal_turn,12.064,6.67,60.1,3,3,4,12.075,6.525,22.9,0.0,0.145,0.0,2.4,,0.61
1787939407.988,goal_turn,12.064,6.671,60.9,3,3,4,12.075,6.525,22.1,0.0,0.147,0.0,2.4,,0.61
1787939408.041,goal_turn,12.064,6.671,62.5,3,3,4,12.075,6.525,20.5,0.0,0.147,0.0,2.4,,0.61
1787939408.103,goal_turn,12.064,6.671,63.4,3,3,4,12.075,6.525,19.6,0.0,0.147,0.0,2.4,,0.61
1787939408.159,goal_turn,12.064,6.671,65.0,3,3,4,12.075,6.525,18.0,0.0,0.147,0.0,2.4,,0.61
1787939408.223,turning,12.067,6.675,66.1,0,3,4,12.075,6.525,-112.6,0.15,0.15,0.0,-4.5,1.5,0.61
1787939408.282,turning,12.073,6.684,65.5,0,3,4,12.075,6.525,-113.1,0.159,0.159,0.0,-4.5,1.5,0.61
1787939408.337,turning,12.073,6.685,62.1,0,3,4,12.075,6.525,-110.8,0.16,0.16,0.0,-4.5,1.5,0.61
1787939408.392,turning,12.073,6.685,55.2,0,3,4,12.075,6.525,-104.9,0.16,0.16,0.0,-4.5,1.5,0.61
1787939408.444,turning,12.073,6.685,51.8,0,3,4,12.075,6.525,-102.4,0.16,0.16,0.0,-4.5,1.5,0.61
1787939408.498,turning,12.073,6.685,44.9,0,3,4,12.075,6.525,-96.5,0.16,0.16,0.0,-4.5,1.5,0.61
1787939408.55,turning,12.074,6.684,41.7,0,3,4,12.075,6.525,-94.2,0.159,0.159,0.0,-4.5,1.5,0.6
1787939408.602,turning,12.075,6.684,38.5,0,3,4,12.075,6.525,-92.0,0.159,0.159,0.0,-4.454,1.5,0.6
1787939408.654,turning,12.076,6.684,31.8,0,3,4,12.075,6.525,-86.2,0.159,0.159,0.0,-4.106,1.5,0.59
1787939408.709,turning,12.076,6.684,28.4,0,3,4,12.075,6.525,-83.7,0.159,0.159,0.0,-3.928,1.5,0.59
1787939408.764,turning,12.076,6.684,22.6,0,3,4,12.075,6.525,-78.8,0.159,0.159,0.0,-3.625,1.5,0.61
1787939408.817,turning,12.076,6.684,19.9,0,3,4,12.075,6.525,-76.9,0.159,0.159,0.0,-3.482,1.5,0.61
1787939408.876,turning,12.065,6.688,15.5,0,3,4,12.075,6.525,-73.2,0.163,0.163,0.0,-3.251,1.5,1.97
1787939408.935,turning,12.056,6.691,13.6,0,3,4,12.075,6.525,-71.9,0.167,0.167,0.0,-3.152,1.5,1.97
1787939408.998,turning,12.054,6.696,10.1,0,3,4,12.075,6.525,-69.0,0.172,0.172,0.0,-2.967,1.5,1.97
1787939409.056,turning,12.059,6.698,8.3,0,3,4,12.075,6.525,-67.9,0.173,0.173,0.0,-2.874,1.5,1.97
1787939409.113,turning,12.056,6.692,5.5,0,3,4,12.075,6.525,-65.6,0.168,0.168,0.0,-2.725,1.5,1.97
1787939409.165,turning,12.052,6.687,4.2,0,3,4,12.075,6.525,-64.9,0.163,0.163,0.0,-2.657,1.5,1.97
1787939409.22,turning,12.037,6.682,2.1,0,3,4,12.075,6.525,-63.2,0.161,0.161,0.0,-2.548,1.5,1.97
1787939409.272,turning,12.029,6.681,1.2,0,3,4,12.075,6.525,-62.6,0.163,0.163,0.0,-2.499,1.5,1.97
1787939409.324,turning,12.012,6.673,-0.7,0,3,4,12.075,6.525,-60.8,0.161,0.161,0.0,-2.402,1.5,1.97
1787939409.378,turning,12.003,6.668,-1.6,0,3,4,12.075,6.525,-60.0,0.16,0.16,0.0,-2.4,1.5,1.97
1787939409.433,turning,12.0,6.67,-3.4,0,3,4,12.075,6.525,-58.2,0.163,0.163,0.0,-2.4,1.5,1.97
1787939409.486,turning,12.001,6.674,-4.2,0,3,4,12.075,6.525,-57.4,0.166,0.166,0.0,-2.4,1.5,1.97
1787939409.537,turning,12.001,6.676,-5.1,0,3,4,12.075,6.525,-56.6,0.168,0.168,0.0,-2.4,1.5,1.97
1787939409.592,turning,12.001,6.676,-6.8,0,3,4,12.075,6.525,-54.9,0.168,0.168,0.0,-2.4,1.5,1.97
1787939409.648,turning,12.001,6.674,-7.6,0,3,4,12.075,6.525,-54.2,0.167,0.167,0.0,-2.4,1.5,1.97
1787939409.707,turning,12.001,6.669,-9.0,0,3,4,12.075,6.525,-52.8,0.162,0.162,0.0,-2.4,1.5,1.97
1787939409.768,turning,12.001,6.668,-9.8,0,3,4,12.075,6.525,-52.0,0.161,0.161,0.0,-2.4,1.5,1.96
1787939409.828,turning,12.001,6.668,-11.6,0,3,4,12.075,6.525,-50.3,0.161,0.161,0.0,-2.4,1.5,1.96
1787939409.886,turning,12.001,6.669,-12.3,0,3,4,12.075,6.525,-49.6,0.162,0.162,0.0,-2.4,1.5,1.96
1787939409.935,turning,11.999,6.673,-13.7,0,3,4,12.075,6.525,-48.2,0.166,0.166,0.0,-2.4,1.5,1.96
1787939409.989,turning,11.999,6.673,-14.6,0,3,4,12.075,6.525,-47.4,0.167,0.167,0.0,-2.4,1.5,1.96
1787939410.041,turning,11.999,6.673,-16.3,0,3,4,12.075,6.525,-45.7,0.167,0.167,0.0,-2.4,1.5,1.96
1787939410.097,turning,11.999,6.673,-17.1,0,3,4,12.075,6.525,-44.8,0.167,0.167,0.0,-2.4,1.5,1.96
1787939410.148,turning,11.999,6.673,-18.9,0,3,4,12.075,6.525,-43.1,0.167,0.167,0.0,-2.4,1.5,1.96
1787939410.203,turning,12.001,6.675,-19.7,0,3,4,12.075,6.525,-42.3,0.167,0.167,0.0,-2.4,1.5,1.95
1787939410.258,turning,12.008,6.678,-21.5,0,3,4,12.075,6.525,-40.7,0.168,0.168,0.0,-2.4,1.5,1.95
1787939410.313,turning,12.008,6.679,-22.3,0,3,4,12.075,6.525,-39.9,0.168,0.168,0.0,-2.4,1.5,1.95
1787939410.364,turning,12.008,6.679,-24.0,0,3,4,12.075,6.525,-38.3,0.168,0.168,0.0,-2.4,1.5,1.95
1787939410.419,turning,12.008,6.679,-24.9,0,3,4,12.075,6.525,-37.6,0.168,0.168,0.0,-2.4,1.5,1.94
1787939410.478,turning,12.008,6.679,-25.8,0,3,4,12.075,6.525,-36.8,0.168,0.168,0.0,-2.4,1.5,1.94
1787939410.538,turning,12.001,6.676,-27.4,0,3,4,12.075,6.525,-35.2,0.168,0.168,0.0,-2.4,1.5,1.94
1787939410.596,turning,11.995,6.674,-28.3,0,3,4,12.075,6.525,-34.3,0.169,0.169,0.0,-2.4,1.5,1.94
1787939410.654,turning,11.988,6.671,-29.9,0,3,4,12.075,6.525,-32.6,0.17,0.17,0.0,-2.4,1.5,1.94
1787939410.707,turning,11.988,6.671,-30.8,0,3,4,12.075,6.525,-31.6,0.17,0.17,0.0,-2.4,1.5,1.94
1787939410.759,turning,11.988,6.671,-32.5,0,3,4,12.075,6.525,-29.8,0.17,0.17,0.0,-2.4,1.5,1.93
1787939410.813,turning,11.988,6.671,-33.4,0,3,4,12.075,6.525,-28.9,0.17,0.17,0.0,-2.4,1.5,1.93
1787939410.868,turning,11.992,6.67,-35.4,0,3,4,12.075,6.525,-26.8,0.167,0.167,0.0,-2.4,1.5,1.93
1787939410.918,turning,11.995,6.669,-36.5,0,3,4,12.075,6.525,-25.7,0.165,0.165,0.0,-2.4,1.5,1.93
1787939410.971,turning,11.997,6.668,-38.4,0,3,4,12.075,6.525,-23.7,0.163,0.163,0.0,-2.4,1.5,1.92
1787939411.025,turning,11.997,6.668,-39.3,0,3,4,12.075,6.525,-22.8,0.163,0.163,0.0,-2.4,1.5,1.92
1787939411.081,driving,11.997,6.668,-41.0,0,3,4,12.075,6.525,-21.1,0.163,0.163,0.22,0.0,1.5,1.91
1787939411.133,turning,11.997,6.668,-41.9,0,3,4,12.075,6.525,-20.2,0.163,0.163,0.0,-2.4,1.5,1.91
1787939411.193,turning,12.009,6.674,-43.5,0,3,4,12.075,6.525,-18.7,0.163,0.163,0.0,-2.4,1.5,1.91
1787939411.248,turning,12.017,6.679,-44.9,0,3,4,12.075,6.525,-17.4,0.164,0.164,0.0,-2.4,1.5,1.91
1787939411.31,turning,12.021,6.681,-47.0,0,3,4,12.075,6.525,-15.6,0.165,0.165,0.0,-2.4,1.5,1.91
1787939411.373,turning,12.021,6.681,-47.9,0,3,4,12.075,6.525,-14.9,0.165,0.165,0.0,-2.4,1.5,1.91
1787939411.431,turning,12.021,6.681,-48.7,0,3,4,12.075,6.525,-14.3,0.165,0.165,0.0,-2.4,1.5,1.91
1787939411.485,turning,12.021,6.681,-50.4,0,3,4,12.075,6.525,-12.7,0.165,0.165,0.0,-2.4,1.5,1.91
1787939411.536,turning,12.016,6.682,-51.2,0,3,4,12.075,6.525,-12.1,0.168,0.168,0.0,-2.4,1.5,1.92
1787939411.588,turning,12.0,6.686,-52.6,0,3,4,12.075,6.525,-10.8,0.178,0.178,0.0,-2.4,1.5,1.92
1787939411.639,turning,11.996,6.687,-53.4,0,3,4,12.075,6.525,-10.0,0.18,0.18,0.0,-2.4,1.5,1.93
1787939411.694,turning,11.996,6.687,-55.1,0,3,4,12.075,6.525,-8.3,0.18,0.18,0.0,-2.4,1.5,1.93
1787939411.746,turning,11.996,6.687,-56.0,0,3,4,12.075,6.525,-7.4,0.18,0.18,0.0,-2.4,1.5,1.94
1787939411.803,driving,11.996,6.687,-57.7,0,3,4,12.075,6.525,-5.7,0.18,0.18,0.22,0.0,1.5,1.94
1787939411.857,driving,11.999,6.686,-58.6,0,3,4,12.075,6.525,-4.9,0.178,0.178,0.22,0.0,1.5,1.96
1787939411.91,driving,12.008,6.68,-58.9,0,3,4,12.075,6.525,-4.7,0.169,0.169,0.22,0.0,1.5,1.96
1787939411.963,driving,12.011,6.677,-58.9,0,3,4,12.075,6.525,-4.8,0.165,0.165,0.22,0.0,1.5,1.97
1787939412.02,driving,12.018,6.666,-58.9,0,3,4,12.075,6.525,-4.9,0.152,0.152,0.22,0.0,1.5,1.97
1787939412.086,goal_turn,12.022,6.659,-58.9,3,3,4,12.075,6.525,141.9,0.0,0.144,0.0,4.5,,1.96
1787939412.14,goal_turn,12.027,6.651,-56.5,3,3,4,12.075,6.525,139.5,0.0,0.135,0.0,4.5,,1.96
1787939412.198,goal_turn,12.028,6.652,-53.1,3,3,4,12.075,6.525,136.1,0.0,0.136,0.0,4.5,,1.93
1787939412.251,goal_turn,12.032,6.656,-46.5,3,3,4,12.075,6.525,129.5,0.0,0.137,0.0,4.5,,1.93
1787939412.306,goal_turn,12.033,6.656,-43.2,3,3,4,12.075,6.525,126.2,0.0,0.137,0.0,4.5,,1.88
1787939412.36,goal_turn,12.033,6.656,-39.9,3,3,4,12.075,6.525,122.9,0.0,0.137,0.0,4.5,,1.88
1787939412.415,goal_turn,12.033,6.656,-33.4,3,3,4,12.075,6.525,116.4,0.0,0.137,0.0,4.5,,1.87
1787939412.468,goal_turn,12.033,6.656,-30.1,3,3,4,12.075,6.525,113.1,0.0,0.137,0.0,4.5,,1.87
1787939412.523,goal_turn,12.033,6.656,-23.6,3,3,4,12.075,6.525,106.6,0.0,0.137,0.0,4.5,,1.87
1787939412.579,goal_turn,12.033,6.656,-20.3,3,3,4,12.075,6.525,103.3,0.0,0.137,0.0,4.5,,1.87
1787939412.631,goal_turn,12.033,6.656,-13.8,3,3,4,12.075,6.525,96.8,0.0,0.137,0.0,4.5,,1.88
1787939412.687,goal_turn,12.033,6.656,-10.5,3,3,4,12.075,6.525,93.5,0.0,0.137,0.0,4.5,,1.88
1787939412.742,goal_turn,12.036,6.653,-4.2,3,3,4,12.075,6.525,87.2,0.0,0.134,0.0,4.5,,1.88
1787939412.801,goal_turn,12.039,6.651,-1.2,3,3,4,12.075,6.525,84.2,0.0,0.131,0.0,4.408,,1.88
1787939412.863,goal_turn,12.04,6.661,4.8,3,3,4,12.075,6.525,78.2,0.0,0.14,0.0,4.096,,1.89
1787939412.92,turning,12.039,6.671,7.7,0,3,4,12.075,6.525,-71.8,0.15,0.15,0.0,-3.757,1.5,1.89
1787939412.981,turning,12.037,6.677,9.5,0,3,4,12.075,6.525,-73.8,0.156,0.156,0.0,-3.851,1.5,1.89
1787939413.035,turning,12.036,6.676,7.1,0,3,4,12.075,6.525,-71.7,0.156,0.156,0.0,-3.726,1.5,1.89
1787939413.089,turning,12.038,6.674,1.8,0,3,4,12.075,6.525,-66.7,0.153,0.153,0.0,-3.448,1.5,1.89
1787939413.138,turning,12.04,6.673,-0.9,0,3,4,12.075,6.525,-64.3,0.152,0.152,0.0,-3.309,1.5,1.89
1787939413.191,turning,12.047,6.678,-5.4,0,3,4,12.075,6.525,-60.2,0.156,0.156,0.0,-3.073,1.5,1.89
1787939413.243,turning,12.05,6.682,-7.5,0,3,4,12.075,6.525,-58.4,0.159,0.159,0.0,-2.961,1.5,1.89
1787939413.3,turning,12.051,6.687,-9.3,0,3,4,12.075,6.525,-57.0,0.163,0.163,0.0,-2.867,1.5,1.89
1787939413.353,turning,12.05,6.695,-12.1,0,3,4,12.075,6.525,-54.6,0.172,0.172,0.0,-2.721,1.5,1.89
1787939413.407,turning,12.051,6.7,-13.6,0,3,4,12.075,6.525,-53.5,0.176,0.176,0.0,-2.643,1.5,1.88
1787939413.46,turning,12.058,6.709,-16.5,0,3,4,12.075,6.525,-51.0,0.185,0.185,0.0,-2.49,1.5,1.88
1787939413.514,turning,12.059,6.711,-17.7,0,3,4,12.075,6.525,-50.2,0.187,0.187,0.0,-2.424,1.5,1.88
1787939413.57,turning,12.059,6.711,-19.7,0,3,4,12.075,6.525,-48.7,0.187,0.187,0.0,-2.4,1.5,1.88
1787939413.631,turning,12.059,6.714,-20.4,0,3,4,12.075,6.525,-48.4,0.19,0.19,0.0,-2.4,1.5,1.88
1787939413.692,turning,12.058,6.724,-21.7,0,3,4,12.075,6.525,-47.5,0.2,0.2,0.0,-2.4,1.5,1.88
1787939413.755,turning,12.056,6.728,-22.4,0,3,4,12.075,6.525,-47.1,0.204,0.204,0.0,-2.4,1.5,1.87
1787939413.81,turning,12.048,6.736,-24.0,0,3,4,12.075,6.525,-45.9,0.213,0.213,0.0,-2.4,1.5,1.87
1787939413.866,turning,12.047,6.737,-24.9,0,3,4,12.075,6.525,-45.4,0.214,0.214,0.0,-2.4,1.5,1.87
1787939413.917,turning,12.047,6.737,-26.6,0,3,4,12.075,6.525,-43.9,0.214,0.214,0.0,-2.4,1.5,1.87
1787939413.971,turning,12.052,6.738,-27.3,0,3,4,12.075,6.525,-43.5,0.215,0.215,0.0,-2.4,1.5,1.87
1787939414.024,turning,12.065,6.741,-28.8,0,4,5,12.075,6.525,-42.4,0.216,0.216,0.0,-2.4,1.5,1.87
1787939414.08,turning,12.065,6.741,-29.7,0,4,5,12.075,6.525,-42.0,0.216,0.216,0.0,-2.4,1.5,1.86
1787939414.134,turning,12.065,6.741,-31.4,0,4,5,12.075,6.525,-40.7,0.216,0.216,0.0,-2.4,1.5,1.86
1787939414.189,turning,12.065,6.741,-32.2,0,4,5,12.075,6.525,-40.2,0.216,0.216,0.0,-2.4,1.5,1.86
1787939414.241,turning,12.065,6.741,-33.1,0,4,5,12.075,6.525,-39.7,0.216,0.216,0.0,-2.4,1.5,1.86
1787939414.297,turning,12.067,6.743,-34.7,0,4,5,12.075,6.525,-38.4,0.218,0.218,0.0,-2.4,1.5,1.86
1787939414.353,turning,12.07,6.744,-35.5,0,4,5,12.075,6.525,-38.0,0.219,0.219,0.0,-2.4,1.5,1.86
1787939414.411,turning,12.072,6.746,-37.2,0,4,5,12.075,6.525,-36.8,0.221,0.221,0.0,-2.4,1.5,1.85
1787939414.468,turning,12.072,6.746,-38.0,0,4,5,12.075,6.525,-36.3,0.221,0.221,0.0,-2.4,1.5,1.85
1787939414.531,turning,12.072,6.746,-39.7,0,4,5,12.075,6.525,-34.9,0.221,0.221,0.0,-2.4,1.5,1.85
1787939414.588,turning,12.072,6.746,-40.6,0,4,5,12.075,6.525,-34.4,0.221,0.221,0.0,-2.4,1.5,1.85
1787939414.642,turning,12.069,6.747,-42.3,0,4,5,12.075,6.525,-33.1,0.222,0.222,0.0,-2.4,1.5,1.84
1787939414.697,turning,12.067,6.748,-43.1,0,4,5,12.075,6.525,-32.5,0.223,0.223,0.0,-2.4,1.5,1.84
1787939414.751,turning,12.065,6.749,-44.9,0,4,5,12.075,6.525,-31.1,0.224,0.224,0.0,-2.4,1.5,1.84
1787939414.803,turning,12.065,6.749,-45.7,0,4,5,12.075,6.525,-30.5,0.224,0.224,0.0,-2.4,1.5,1.84
1787939414.858,turning,12.065,6.749,-47.4,0,4,5,12.075,6.525,-29.1,0.224,0.224,0.0,-2.4,1.5,1.84
1787939414.91,turning,12.065,6.749,-48.3,0,4,5,12.075,6.525,-28.5,0.224,0.224,0.0,-2.4,1.5,1.84
1787939414.962,turning,12.058,6.757,-50.0,0,4,5,12.075,6.525,-27.1,0.233,0.233,0.0,-2.4,1.5,1.85
1787939415.012,turning,12.053,6.763,-50.8,0,4,5,12.075,6.525,-26.4,0.239,0.239,0.0,-2.4,1.5,1.85
1787939415.065,turning,12.05,6.766,-52.5,0,5,6,12.075,6.525,-24.9,0.243,0.243,0.0,-2.4,1.5,1.86
1787939415.12,turning,12.05,6.766,-53.3,0,5,6,12.075,6.525,-24.2,0.243,0.243,0.0,-2.4,1.5,1.86
1787939415.179,turning,12.05,6.766,-54.2,0,5,6,12.075,6.525,-23.5,0.243,0.243,0.0,-2.4,1.5,1.88
1787939415.235,turning,12.05,6.766,-55.9,0,5,6,12.075,6.525,-21.9,0.243,0.243,0.0,-2.4,1.5,1.88
1787939415.298,turning,12.047,6.77,-56.8,0,5,6,12.075,6.525,-21.2,0.246,0.246,0.0,-2.4,1.5,1.9
1787939415.357,driving,12.037,6.783,-58.7,0,5,6,12.075,6.525,-19.4,0.261,0.261,0.22,0.0,1.5,1.9
1787939415.411,turning,12.034,6.785,-59.5,0,5,6,12.075,6.525,-18.6,0.264,0.264,0.0,-2.4,1.5,1.92
1787939415.465,turning,12.035,6.785,-60.5,0,5,6,12.075,6.525,-17.8,0.263,0.263,0.0,-2.4,1.5,1.92
1787939415.519,turning,12.035,6.785,-61.3,0,5,6,12.075,6.525,-17.0,0.263,0.263,0.0,-2.4,1.5,1.94
1787939415.572,turning,12.035,6.785,-63.1,0,5,6,12.075,6.525,-15.3,0.263,0.263,0.0,-2.4,1.5,1.94
1787939415.624,turning,12.035,6.786,-63.9,0,5,6,12.075,6.525,-14.5,0.264,0.264,0.0,-2.4,1.5,1.97
1787939415.677,turning,12.034,6.79,-65.6,0,5,6,12.075,6.525,-12.9,0.268,0.268,0.0,-2.4,1.5,1.97
1787939415.728,turning,12.034,6.79,-66.5,0,5,6,12.075,6.525,-12.1,0.268,0.268,0.0,-2.4,1.5,2.0
1787939415.779,turning,12.034,6.79,-68.2,0,5,6,12.075,6.525,-10.5,0.268,0.268,0.0,-2.4,1.5,2.0
1787939415.83,turning,12.034,6.79,-69.1,0,5,6,12.075,6.525,-9.7,0.268,0.268,0.0,-2.4,1.5,2.04
1787939415.885,turning,12.034,6.79,-70.8,0,5,6,12.075,6.525,-8.0,0.268,0.268,0.0,-2.4,1.5,2.04
1787939415.941,turning,12.035,6.791,-71.3,0,5,6,12.075,6.525,-7.6,0.269,0.269,0.0,-2.4,1.5,2.04
1787939415.999,turning,12.033,6.793,-72.2,0,5,6,12.075,6.525,-6.7,0.272,0.272,0.0,-2.4,1.5,2.04
1787939416.056,turning,12.033,6.793,-73.1,0,5,6,12.075,6.525,-5.9,0.272,0.272,0.0,-2.4,1.5,2.04
1787939416.113,driving,12.033,6.793,-73.9,0,5,6,12.075,6.525,-5.1,0.272,0.272,0.22,0.0,1.5,2.04
1787939416.168,driving,12.033,6.793,-75.0,0,5,6,12.075,6.525,-4.0,0.271,0.271,0.22,0.0,1.5,2.04
1787939416.223,driving,12.034,6.791,-75.0,0,5,6,12.075,6.525,-4.1,0.269,0.269,0.22,0.0,1.5,2.04
1787939416.28,driving,12.043,6.782,-75.0,0,5,6,12.075,6.525,-4.2,0.259,0.259,0.22,0.0,1.5,2.03
1787939416.331,driving,12.05,6.775,-75.0,0,5,6,12.075,6.525,-4.3,0.251,0.251,0.22,0.0,1.5,2.03
1787939416.388,driving,12.059,6.761,-75.0,0,5,6,12.075,6.525,-4.5,0.236,0.236,0.22,0.0,1.5,2.01
1787939416.44,driving,12.061,6.754,-75.0,1,5,6,12.075,6.525,-4.7,0.229,0.229,0.22,0.0,1.5,2.01
1787939416.495,driving,12.065,6.739,-75.0,1,5,6,12.075,6.525,-4.9,0.214,0.214,0.22,0.0,1.5,1.99
1787939416.547,driving,12.067,6.732,-75.0,1,5,6,12.075,6.525,-5.1,0.207,0.207,0.22,0.0,1.5,1.99
1787939416.603,driving,12.069,6.721,-74.7,1,5,6,12.075,6.525,-5.6,0.196,0.196,0.22,0.0,1.5,1.97
1787939416.658,driving,12.069,6.717,-74.4,1,5,6,12.075,6.525,-6.1,0.192,0.192,0.22,0.0,1.5,1.97
1787939416.715,driving,12.071,6.705,-74.2,2,5,6,12.075,6.525,-6.5,0.18,0.18,0.22,0.0,1.5,1.95
1787939416.776,driving,12.073,6.697,-74.2,2,5,6,12.075,6.525,-6.7,0.172,0.172,0.22,0.0,1.5,1.95
1787939416.834,driving,12.077,6.683,-74.2,2,5,6,12.075,6.525,-6.9,0.158,0.158,0.22,0.0,1.5,1.93
1787939416.894,driving,12.079,6.676,-74.2,2,5,6,12.075,6.525,-7.2,0.151,0.151,0.22,0.0,1.5,1.93
1787939416.948,goal_turn,12.083,6.661,-74.2,5,5,6,12.075,6.525,157.2,0.0,0.137,0.0,4.5,,1.91
1787939417.002,goal_turn,12.085,6.654,-74.2,5,5,6,12.075,6.525,157.2,0.0,0.13,0.0,4.5,,1.91
1787939417.052,goal_turn,12.086,6.653,-71.7,5,5,6,12.075,6.525,154.7,0.0,0.128,0.0,4.5,,1.89
1787939417.105,goal_turn,12.086,6.653,-65.2,3,3,4,12.075,6.525,148.2,0.0,0.128,0.0,4.5,,1.89
1787939417.157,goal_turn,12.086,6.653,-61.9,3,3,4,12.075,6.525,144.9,0.0,0.128,0.0,4.5,,1.89
1787939417.21,goal_turn,12.086,6.653,-55.3,3,3,4,12.075,6.525,138.3,0.0,0.128,0.0,4.5,,1.89
1787939417.265,goal_turn,12.085,6.655,-52.0,3,3,4,12.075,6.525,135.0,0.0,0.131,0.0,4.5,,1.89
1787939417.318,goal_turn,12.082,6.665,-45.3,3,3,4,12.075,6.525,128.3,0.0,0.14,0.0,4.5,,1.89
1787939417.372,goal_turn,12.082,6.666,-42.0,3,3,4,12.075,6.525,125.0,0.0,0.142,0.0,4.5,,1.84
1787939417.425,goal_turn,12.082,6.666,-35.4,3,3,4,12.075,6.525,118.4,0.0,0.142,0.0,4.5,,1.84
1787939417.48,goal_turn,12.082,6.666,-32.2,3,3,4,12.075,6.525,115.2,0.0,0.142,0.0,4.5,,1.84
1787939417.537,goal_turn,12.082,6.666,-25.6,3,3,4,12.075,6.525,108.6,0.0,0.142,0.0,4.5,,1.84
1787939417.598,goal_turn,12.084,6.667,-22.4,3,3,4,12.075,6.525,105.4,0.0,0.142,0.0,4.5,,1.84
1787939417.654,goal_turn,12.089,6.668,-16.1,3,3,4,12.075,6.525,99.1,0.0,0.144,0.0,4.5,,1.84
1787939417.714,goal_turn,12.093,6.665,-13.3,3,3,4,12.075,6.525,96.3,0.0,0.141,0.0,4.5,,1.84
1787939417.769,goal_turn,12.099,6.656,-7.7,3,3,4,12.075,6.525,90.7,0.0,0.133,0.0,4.5,,1.84
1787939417.823,goal_turn,12.099,6.66,-4.3,3,3,4,12.075,6.525,87.3,0.0,0.137,0.0,4.5,,1.85
1787939417.877,goal_turn,12.098,6.672,2.7,3,3,4,12.075,6.525,80.3,0.0,0.149,0.0,4.203,,1.85
1787939417.929,turning,12.097,6.676,6.1,0,3,4,12.075,6.525,-87.9,0.152,0.152,0.0,-4.5,1.5,1.85
1787939417.983,turning,12.095,6.679,9.3,0,3,4,12.075,6.525,-91.5,0.155,0.155,0.0,-4.5,1.5,1.85
1787939418.037,turning,12.094,6.686,3.5,0,3,4,12.075,6.525,-86.1,0.162,0.162,0.0,-4.468,1.5,1.86
1787939418.092,turning,12.094,6.689,0.2,0,3,4,12.075,6.525,-83.1,0.165,0.165,0.0,-4.292,1.5,1.86
1787939418.144,turning,12.098,6.693,-6.7,0,3,4,12.075,6.525,-76.6,0.169,0.169,0.0,-3.932,1.5,1.85
1787939418.198,turning,12.101,6.694,-10.2,0,3,4,12.075,6.525,-73.5,0.171,0.171,0.0,-3.749,1.5,1.85
1787939418.254,turning,12.104,6.694,-15.9,0,3,4,12.075,6.525,-68.2,0.171,0.171,0.0,-3.452,1.5,1.85
1787939418.317,turning,12.103,6.693,-18.4,0,3,4,12.075,6.525,-66.1,0.17,0.17,0.0,-3.321,1.5,1.85
1787939418.381,turning,12.114,6.676,-22.8,0,3,4,12.075,6.525,-62.2,0.156,0.156,0.0,-3.091,1.5,1.84
1787939418.44,goal_turn,12.124,6.662,-24.9,3,3,4,12.075,6.525,107.9,0.0,0.146,0.0,4.5,,1.84
1787939418.501,goal_turn,12.131,6.651,-24.8,3,3,4,12.075,6.525,107.8,0.0,0.138,0.0,4.5,,1.84
1787939418.556,goal_turn,12.131,6.651,-21.6,3,3,4,12.075,6.525,104.6,0.0,0.138,0.0,4.5,,1.84
1787939418.614,goal_turn,12.127,6.656,-15.2,3,3,4,12.075,6.525,98.2,0.0,0.141,0.0,4.5,,1.84
1787939418.668,goal_turn,12.123,6.66,-12.1,3,3,4,12.075,6.525,95.1,0.0,0.143,0.0,4.5,,1.84
1787939418.723,goal_turn,12.112,6.666,-4.9,3,3,4,12.075,6.525,87.9,0.0,0.146,0.0,4.5,,1.84
1787939418.777,goal_turn,12.105,6.669,-1.1,3,3,4,12.075,6.525,84.1,0.0,0.147,0.0,4.404,,1.84
1787939418.83,goal_turn,12.107,6.665,6.3,3,3,4,12.075,6.525,76.7,0.0,0.144,0.0,4.016,,1.85
1787939418.884,goal_turn,12.11,6.662,9.9,3,3,4,12.075,6.525,73.1,0.0,0.141,0.0,3.826,,1.85
1787939418.941,goal_turn,12.112,6.662,12.9,3,3,4,12.075,6.525,70.1,0.0,0.142,0.0,3.671,,1.85
1787939418.998,turning,12.114,6.672,17.4,0,3,4,12.075,6.525,-102.8,0.153,0.153,0.0,-4.5,1.5,1.85
1787939419.061,turning,12.116,6.674,19.7,0,3,4,12.075,6.525,-105.6,0.154,0.154,0.0,-4.5,1.5,1.86
1787939419.131,turning,12.12,6.671,14.9,0,3,4,12.075,6.525,-101.3,0.152,0.152,0.0,-4.5,1.5,1.86
1787939419.197,turning,12.124,6.671,11.5,0,3,4,12.075,6.525,-98.5,0.154,0.154,0.0,-4.5,1.5,1.86
1787939419.259,turning,12.132,6.677,4.4,0,3,4,12.075,6.525,-91.9,0.162,0.162,0.0,-4.5,1.5,1.86
1787939419.32,turning,12.134,6.678,0.8,0,3,4,12.075,6.525,-89.0,0.164,0.164,0.0,-4.5,1.5,1.86
1787939419.375,turning,12.134,6.678,-6.3,0,3,4,12.075,6.525,-82.4,0.164,0.164,0.0,-4.144,1.5,1.86
1787939419.428,turning,12.137,6.68,-9.8,0,3,4,12.075,6.525,-79.5,0.167,0.167,0.0,-3.961,1.5,1.86
1787939419.482,turning,12.143,6.687,-15.7,0,3,4,12.075,6.525,-74.1,0.175,0.175,0.0,-3.648,1.5,1.86
1787939419.534,turning,12.144,6.692,-18.5,0,3,4,12.075,6.525,-72.0,0.181,0.181,0.0,-3.506,1.5,1.85
1787939419.587,turning,12.147,6.704,-23.0,0,3,4,12.075,6.525,-68.0,0.193,0.193,0.0,-3.268,1.5,1.85
1787939419.64,turning,12.147,6.706,-25.2,0,3,4,12.075,6.525,-66.3,0.194,0.194,0.0,-3.153,1.5,1.84
1787939419.693,turning,12.147,6.706,-29.0,0,3,4,12.075,6.525,-63.0,0.194,0.194,0.0,-2.956,1.5,1.84
1787939419.746,turning,12.147,6.707,-31.0,0,3,4,12.075,6.525,-61.4,0.196,0.196,0.0,-2.848,1.5,1.84
1787939419.805,turning,12.146,6.709,-34.7,0,3,4,12.075,6.525,-58.2,0.197,0.197,0.0,-2.657,1.5,1.84
1787939419.863,turning,12.143,6.711,-35.7,0,3,4,12.075,6.525,-57.7,0.198,0.198,0.0,-2.605,1.5,1.83
1787939419.923,turning,12.139,6.713,-36.4,0,3,4,12.075,6.525,-57.3,0.199,0.199,0.0,-2.564,1.5,1.83
1787939419.989,turning,12.134,6.719,-37.9,0,3,4,12.075,6.525,-56.2,0.203,0.203,0.0,-2.49,1.5,1.82
1787939420.058,turning,12.133,6.722,-38.6,0,3,4,12.075,6.525,-55.8,0.206,0.206,0.0,-2.452,1.5,1.82
1787939420.121,turning,12.137,6.732,-39.6,0,3,4,12.075,6.525,-55.1,0.216,0.216,0.0,-2.4,1.5,1.82
1787939420.177,turning,12.14,6.737,-40.0,0,4,5,12.075,6.525,-55.0,0.222,0.222,0.0,-2.4,1.5,1.82
1787939420.229,turning,12.142,6.742,-41.3,0,4,5,12.075,6.525,-53.9,0.227,0.227,0.0,-2.4,1.5,1.81
1787939420.284,turning,12.143,6.743,-42.3,0,4,5,12.075,6.525,-53.3,0.228,0.228,0.0,-2.4,1.5,1.81
1787939420.339,turning,12.143,6.744,-44.1,0,4,5,12.075,6.525,-51.7,0.229,0.229,0.0,-2.4,1.5,1.81
1787939420.393,turning,12.143,6.744,-45.0,0,4,5,12.075,6.525,-51.2,0.229,0.229,0.0,-2.4,1.5,1.81
1787939420.447,turning,12.14,6.741,-46.9,0,4,5,12.075,6.525,-49.5,0.226,0.226,0.0,-2.4,1.5,1.81
1787939420.502,turning,12.137,6.739,-47.9,0,4,5,12.075,6.525,-48.7,0.223,0.223,0.0,-2.4,1.5,1.81
1787939420.558,turning,12.135,6.737,-49.7,0,4,5,12.075,6.525,-47.1,0.221,0.221,0.0,-2.4,1.5,1.81
1787939420.615,turning,12.135,6.737,-50.6,0,4,5,12.075,6.525,-46.5,0.221,0.221,0.0,-2.4,1.5,1.81
1787939420.675,turning,12.136,6.743,-52.4,0,4,5,12.075,6.525,-44.9,0.226,0.226,0.0,-2.4,1.5,1.82
1787939420.733,turning,12.137,6.747,-53.3,0,4,5,12.075,6.525,-44.2,0.23,0.23,0.0,-2.4,1.5,1.82
1787939420.794,turning,12.137,6.749,-55.1,0,4,5,12.075,6.525,-42.6,0.232,0.232,0.0,-2.4,1.5,1.84
1787939420.85,turning,12.137,6.749,-55.9,0,4,5,12.075,6.525,-41.9,0.232,0.232,0.0,-2.4,1.5,1.84
1787939420.903,turning,12.137,6.749,-56.8,0,4,5,12.075,6.525,-41.3,0.232,0.232,0.0,-2.4,1.5,1.85
1787939420.955,turning,12.137,6.749,-58.5,0,4,5,12.075,6.525,-39.7,0.232,0.232,0.0,-2.4,1.5,1.85
1787939421.014,turning,12.142,6.75,-59.2,0,4,5,12.075,6.525,-39.2,0.235,0.235,0.0,-2.4,1.5,1.88
1787939421.072,turning,12.162,6.755,-60.4,0,4,5,12.075,6.525,-38.3,0.245,0.245,0.0,-2.4,1.5,1.88
1787939421.128,turning,12.166,6.755,-61.2,0,4,5,12.075,6.525,-37.9,0.248,0.248,0.0,-2.4,1.5,1.9
1787939421.181,turning,12.166,6.755,-62.9,0,4,5,12.075,6.525,-36.5,0.248,0.248,0.0,-2.4,1.5,1.9
1787939421.234,turning,12.166,6.755,-63.8,0,4,5,12.075,6.525,-35.9,0.248,0.248,0.0,-2.4,1.5,1.93
1787939421.291,turning,12.166,6.755,-65.5,0,5,6,12.075,6.525,-34.5,0.248,0.248,0.0,-2.4,1.5,1.93
1787939421.354,turning,12.165,6.759,-66.1,0,5,6,12.075,6.525,-34.1,0.251,0.251,0.0,-2.4,1.5,1.97
1787939421.413,turning,12.163,6.769,-67.3,0,5,6,12.075,6.525,-33.2,0.259,0.259,0.0,-2.4,1.5,1.97
1787939421.476,turning,12.162,6.77,-68.1,0,5,6,12.075,6.525,-32.6,0.26,0.26,0.0,-2.4,1.5,2.01
1787939421.534,turning,12.162,6.77,-69.8,0,5,6,12.075,6.525,-31.1,0.26,0.26,0.0,-2.4,1.5,2.01
1787939421.593,turning,12.162,6.77,-70.6,0,5,6,12.075,6.525,-30.5,0.26,0.26,0.0,-2.4,1.5,2.05
1787939421.646,turning,12.162,6.77,-72.4,0,5,6,12.075,6.525,-29.0,0.26,0.26,0.0,-2.4,1.5,2.05
1787939421.701,turning,12.159,6.769,-73.3,0,5,6,12.075,6.525,-28.2,0.259,0.259,0.0,-2.4,1.5,2.05
1787939421.756,turning,12.153,6.768,-75.2,0,5,6,12.075,6.525,-26.5,0.256,0.256,0.0,-2.4,1.5,2.05
1787939421.811,turning,12.153,6.768,-76.0,0,5,6,12.075,6.525,-25.8,0.256,0.256,0.0,-2.4,1.5,2.04
1787939421.864,turning,12.153,6.768,-76.9,0,5,6,12.075,6.525,-25.1,0.256,0.256,0.0,-2.4,1.5,2.04
1787939421.917,turning,12.153,6.768,-78.6,0,5,6,12.075,6.525,-23.5,0.256,0.256,0.0,-2.4,1.5,2.04
1787939421.971,turning,12.153,6.768,-79.5,0,5,6,12.075,6.525,-22.8,0.256,0.256,0.0,-2.4,1.5,2.04
1787939422.024,driving,12.16,6.776,-80.9,0,5,6,12.075,6.525,-21.5,0.265,0.265,0.22,0.0,1.5,2.04
1787939422.079,turning,12.167,6.783,-81.5,0,5,6,12.075,6.525,-21.1,0.274,0.274,0.0,-2.4,1.5,2.04
1787939422.136,turning,12.173,6.788,-82.3,0,5,6,12.075,6.525,-20.5,0.281,0.281,0.0,-2.4,1.5,2.04
1787939422.193,turning,12.173,6.788,-83.1,0,5,6,12.075,6.525,-19.8,0.281,0.281,0.0,-2.4,1.5,2.04
1787939422.258,turning,12.173,6.788,-84.9,0,5,6,12.075,6.525,-18.3,0.281,0.281,0.0,-2.4,1.5,2.04
1787939422.322,turning,12.173,6.788,-85.7,0,5,6,12.075,6.525,-17.6,0.281,0.281,0.0,-2.4,1.5,2.04
1787939422.388,turning,12.17,6.785,-87.1,0,5,6,12.075,6.525,-16.4,0.277,0.277,0.0,-2.4,1.5,2.03
1787939422.441,turning,12.167,6.782,-87.7,0,5,6,12.075,6.525,-15.9,0.273,0.273,0.0,-2.4,1.5,2.03
1787939422.495,turning,12.165,6.78,-89.3,0,5,6,12.075,6.525,-14.5,0.271,0.271,0.0,-2.4,1.5,2.03
1787939422.546,turning,12.165,6.78,-90.1,0,5,6,12.075,6.525,-13.8,0.271,0.271,0.0,-2.4,1.5,2.03
1787939422.603,turning,12.165,6.78,-91.9,0,5,6,12.075,6.525,-12.2,0.271,0.271,0.0,-2.4,1.5,2.03
1787939422.654,turning,12.165,6.78,-92.7,0,5,6,12.075,6.525,-11.5,0.271,0.271,0.0,-2.4,1.5,2.03
1787939422.707,turning,12.167,6.782,-94.5,0,5,6,12.075,6.525,-9.8,0.273,0.273,0.0,-2.4,1.5,2.03
1787939422.761,turning,12.169,6.783,-95.4,0,5,6,12.075,6.525,-9.0,0.275,0.275,0.0,-2.4,1.5,2.03
1787939422.818,turning,12.17,6.784,-96.3,0,5,6,12.075,6.525,-8.3,0.276,0.276,0.0,-2.4,1.5,2.03
1787939422.873,driving,12.17,6.784,-98.1,0,5,6,12.075,6.525,-6.7,0.276,0.276,0.22,0.0,1.5,2.03
1787939422.925,driving,12.17,6.784,-98.9,0,5,6,12.075,6.525,-6.0,0.276,0.276,0.22,0.0,1.5,2.03
1787939422.989,driving,12.169,6.781,-99.0,0,5,6,12.075,6.525,-6.0,0.273,0.273,0.22,0.0,1.5,2.03
1787939423.046,driving,12.166,6.777,-98.9,0,5,6,12.075,6.525,-6.2,0.268,0.268,0.22,0.0,1.5,2.02
1787939423.112,driving,12.157,6.763,-98.6,0,5,6,12.075,6.525,-6.7,0.252,0.252,0.22,0.0,1.5,2.02
1787939423.175,driving,12.154,6.755,-98.5,1,5,6,12.075,6.525,-6.8,0.244,0.244,0.22,0.0,1.5,2.0
1787939423.229,driving,12.152,6.741,-98.5,1,5,6,12.075,6.525,-7.0,0.229,0.229,0.22,0.0,1.5,2.0
1787939423.286,driving,12.151,6.733,-98.5,1,5,6,12.075,6.525,-7.1,0.222,0.222,0.22,0.0,1.5,1.98
1787939423.337,driving,12.149,6.718,-98.5,0,4,5,12.075,6.525,-7.2,0.207,0.207,0.22,0.0,1.5,1.98
1787939423.393,driving,12.15,6.716,-98.8,0,4,5,12.075,6.525,-7.0,0.205,0.205,0.22,0.0,1.5,1.96
1787939423.444,driving,12.154,6.714,-99.6,0,4,5,12.075,6.525,-6.4,0.205,0.205,0.22,0.0,1.5,1.96
1787939423.498,driving,12.153,6.708,-99.7,0,4,5,12.075,6.525,-6.5,0.199,0.199,0.22,0.0,1.5,1.94
1787939423.549,driving,12.151,6.693,-99.7,0,4,5,12.075,6.525,-6.7,0.184,0.184,0.22,0.0,1.5,1.94
1787939423.6,driving,12.15,6.685,-99.7,1,4,5,12.075,6.525,-6.9,0.177,0.177,0.22,0.0,1.5,1.92
1787939423.652,driving,12.147,6.671,-99.7,1,4,5,12.075,6.525,-7.1,0.163,0.163,0.22,0.0,1.5,1.92
1787939423.707,driving,12.146,6.663,-99.7,1,4,5,12.075,6.525,-7.4,0.155,0.155,0.22,0.0,1.5,1.9
1787939423.763,goal_turn,12.145,6.656,-99.7,4,4,5,12.075,6.525,-177.3,0.0,0.148,0.0,-4.5,,1.9
1787939423.824,goal_turn,12.143,6.647,-102.2,4,4,5,12.075,6.525,-174.8,0.0,0.139,0.0,-4.5,,1.87
1787939423.881,goal_turn,12.143,6.647,-105.7,4,4,5,12.075,6.525,-171.3,0.0,0.139,0.0,-4.5,,1.87
1787939423.94,goal_turn,12.143,6.647,-112.5,4,4,5,12.075,6.525,-164.5,0.0,0.139,0.0,-4.5,,1.86
1787939423.995,goal_turn,12.143,6.647,-116.0,4,4,5,12.075,6.525,-161.0,0.0,0.139,0.0,-4.5,,1.86
1787939424.05,goal_turn,12.143,6.651,-122.6,4,4,5,12.075,6.525,-154.4,0.0,0.143,0.0,-4.5,,1.85
1787939424.105,goal_turn,12.142,6.655,-125.8,4,4,5,12.075,6.525,-151.2,0.0,0.146,0.0,-4.5,,1.85
1787939424.157,goal_turn,12.142,6.658,-132.5,4,4,5,12.075,6.525,-144.5,0.0,0.149,0.0,-4.5,,1.85
1787939424.21,goal_turn,12.142,6.658,-135.9,4,4,5,12.075,6.525,-141.1,0.0,0.149,0.0,-4.5,,1.85
1787939424.261,goal_turn,12.142,6.658,-142.8,4,4,5,12.075,6.525,-134.2,0.0,0.149,0.0,-4.5,,1.85
1787939424.314,goal_turn,12.142,6.658,-146.2,4,4,5,12.075,6.525,-130.8,0.0,0.149,0.0,-4.5,,1.85
1787939424.371,turning,12.135,6.67,-152.9,0,3,4,12.075,6.525,45.6,0.157,0.157,0.0,2.4,1.5,2.14
1787939424.422,turning,12.129,6.68,-156.1,0,3,4,12.075,6.525,48.8,0.164,0.164,0.0,2.56,1.5,2.14
1787939424.476,turning,12.125,6.698,-154.7,0,3,4,12.075,6.525,47.4,0.18,0.18,0.0,2.484,1.5,2.13
1787939424.53,turning,12.125,6.708,-153.6,0,3,4,12.075,6.525,46.4,0.19,0.19,0.0,2.428,1.5,2.13
1787939424.594,turning,12.127,6.71,-151.4,0,3,4,12.075,6.525,44.3,0.192,0.192,0.0,2.4,1.5,2.13
1787939424.654,turning,12.128,6.708,-150.3,0,3,4,12.075,6.525,43.2,0.191,0.191,0.0,2.4,1.5,2.13
1787939424.715,turning,12.128,6.707,-149.2,0,3,4,12.075,6.525,42.1,0.189,0.189,0.0,2.4,1.5,2.13
1787939424.772,turning,12.122,6.707,-146.6,0,3,4,12.075,6.525,39.6,0.188,0.188,0.0,2.4,1.5,2.13
1787939424.824,turning,12.119,6.708,-145.8,0,3,4,12.075,6.525,38.9,0.188,0.188,0.0,2.4,1.5,2.13
1787939424.877,turning,12.112,6.712,-145.2,0,3,4,12.075,6.525,38.3,0.191,0.191,0.0,2.4,1.5,2.13
1787939424.928,turning,12.109,6.713,-144.6,0,3,4,12.075,6.525,37.9,0.191,0.191,0.0,2.4,1.5,2.13
1787939424.98,turning,12.104,6.714,-143.1,0,3,4,12.075,6.525,36.7,0.191,0.191,0.0,2.4,1.5,2.13
1787939425.03,turning,12.103,6.714,-142.3,0,3,4,12.075,6.525,36.1,0.191,0.191,0.0,2.4,1.5,1.85
1787939425.085,turning,12.103,6.714,-140.7,0,3,4,12.075,6.525,34.6,0.191,0.191,0.0,2.4,1.5,1.85
1787939425.137,turning,12.103,6.714,-139.9,0,3,4,12.075,6.525,34.0,0.191,0.191,0.0,2.4,1.5,1.83
1787939425.192,turning,12.103,6.714,-138.2,0,3,4,12.075,6.525,32.5,0.191,0.191,0.0,2.4,1.5,1.83
1787939425.248,turning,12.102,6.714,-137.3,0,3,4,12.075,6.525,31.8,0.191,0.191,0.0,2.4,1.5,1.82
1787939425.306,turning,12.099,6.714,-135.4,0,3,4,12.075,6.525,30.1,0.19,0.19,0.0,2.4,1.5,1.82
1787939425.372,turning,12.099,6.713,-134.5,0,4,5,12.075,6.525,29.5,0.19,0.19,0.0,2.4,1.5,1.81
1787939425.428,turning,12.099,6.713,-132.9,0,4,5,12.075,6.525,28.0,0.19,0.19,0.0,2.4,1.5,1.81
1787939425.491,turning,12.099,6.713,-132.1,0,4,5,12.075,6.525,27.4,0.19,0.19,0.0,2.4,1.5,1.8
1787939425.546,turning,12.099,6.713,-130.5,0,4,5,12.075,6.525,25.9,0.19,0.19,0.0,2.4,1.5,1.8
1787939425.598,turning,12.099,6.714,-129.5,0,4,5,12.075,6.525,25.2,0.191,0.191,0.0,2.4,1.5,1.79
1787939425.65,turning,12.098,6.715,-128.6,0,4,5,12.075,6.525,24.4,0.192,0.192,0.0,2.4,1.5,1.79
1787939425.703,turning,12.098,6.716,-126.9,0,4,5,12.075,6.525,22.9,0.192,0.192,0.0,2.4,1.5,1.79
1787939425.754,turning,12.098,6.716,-126.0,0,4,5,12.075,6.525,22.2,0.192,0.192,0.0,2.4,1.5,1.79
1787939425.808,turning,12.098,6.716,-124.4,0,4,5,12.075,6.525,20.8,0.192,0.192,0.0,2.4,1.5,1.79
1787939425.862,turning,12.098,6.716,-123.6,0,4,5,12.075,6.525,20.1,0.192,0.192,0.0,2.4,1.5,1.79
1787939425.918,turning,12.102,6.717,-121.7,0,4,5,12.075,6.525,18.4,0.194,0.194,0.0,2.4,1.5,1.79
1787939425.972,turning,12.105,6.718,-120.7,0,4,5,12.075,6.525,17.5,0.195,0.195,0.0,2.4,1.5,1.79
1787939426.025,turning,12.107,6.719,-118.9,0,4,5,12.075,6.525,15.7,0.196,0.196,0.0,2.4,1.5,1.79
1787939426.082,turning,12.107,6.719,-118.0,0,4,5,12.075,6.525,15.0,0.196,0.196,0.0,2.4,1.5,1.79
1787939426.142,turning,12.107,6.719,-116.4,0,4,5,12.075,6.525,13.5,0.196,0.196,0.0,2.4,1.5,1.78
1787939426.202,turning,12.107,6.719,-115.6,0,4,5,12.075,6.525,12.7,0.196,0.196,0.0,2.4,1.5,1.78
1787939426.261,turning,12.11,6.725,-113.8,0,4,5,12.075,6.525,11.0,0.203,0.203,0.0,2.4,1.5,1.78
1787939426.32,turning,12.112,6.729,-112.9,0,4,5,12.075,6.525,10.1,0.208,0.208,0.0,2.4,1.5,1.78
1787939426.375,driving,12.114,6.732,-111.1,0,4,5,12.075,6.525,8.5,0.211,0.211,0.22,0.0,1.5,1.78
1787939426.426,driving,12.114,6.732,-110.3,0,4,5,12.075,6.525,7.7,0.211,0.211,0.22,0.0,1.5,1.78
1787939426.479,driving,12.113,6.73,-110.0,0,4,5,12.075,6.525,7.4,0.208,0.208,0.22,0.0,1.5,1.78
1787939426.528,driving,12.112,6.726,-110.0,0,4,5,12.075,6.525,7.5,0.205,0.205,0.22,0.0,1.5,1.78
1787939426.58,driving,12.111,6.722,-110.1,0,4,5,12.075,6.525,7.6,0.2,0.2,0.22,0.0,1.5,1.77
1787939426.633,driving,12.109,6.711,-110.4,0,4,5,12.075,6.525,8.0,0.189,0.189,0.22,0.0,1.5,1.77
1787939426.686,driving,12.107,6.705,-110.5,0,4,5,12.075,6.525,8.1,0.183,0.183,0.22,0.0,1.5,1.75
1787939426.738,driving,12.102,6.691,-110.5,1,4,5,12.075,6.525,8.2,0.168,0.168,0.22,0.0,1.5,1.75
1787939426.793,driving,12.099,6.684,-110.5,1,4,5,12.075,6.525,8.3,0.161,0.161,0.22,0.0,1.5,1.73
1787939426.848,goal_turn,12.094,6.67,-110.5,4,4,5,12.075,6.525,-166.5,0.0,0.146,0.0,-4.5,,1.73
1787939426.906,goal_turn,12.096,6.665,-110.5,4,4,5,12.075,6.525,-166.5,0.0,0.142,0.0,-4.5,,1.71
1787939426.967,driving,12.108,6.672,-116.9,1,4,5,12.075,6.525,14.8,0.15,0.15,0.22,0.0,1.5,1.71
1787939427.028,turning,12.11,6.673,-120.4,1,4,5,12.075,6.525,18.2,0.152,0.152,0.0,2.4,1.5,1.7
1787939427.082,turning,12.109,6.672,-120.1,1,4,5,12.075,6.525,17.9,0.151,0.151,0.0,2.4,1.5,1.7
1787939427.137,turning,12.109,6.672,-119.3,1,4,5,12.075,6.525,17.0,0.151,0.151,0.0,2.4,1.5,1.69
1787939427.192,turning,12.109,6.672,-117.7,1,4,5,12.075,6.525,15.4,0.151,0.151,0.0,2.4,1.5,1.69
1787939427.243,turning,12.109,6.672,-116.8,1,4,5,12.075,6.525,14.5,0.151,0.151,0.0,2.4,1.5,1.69
1787939427.297,turning,12.109,6.672,-115.2,1,4,5,12.075,6.525,12.9,0.151,0.151,0.0,2.4,1.5,1.69
1787939427.351,turning,12.109,6.672,-114.4,1,4,5,12.075,6.525,12.0,0.151,0.151,0.0,2.4,1.5,1.69
1787939427.401,turning,12.109,6.672,-112.7,1,4,5,12.075,6.525,10.4,0.151,0.151,0.0,2.4,1.5,1.69
1787939427.452,goal_turn,12.105,6.663,-112.0,3,3,4,12.075,6.525,-165.0,0.0,0.142,0.0,-4.5,,1.7
1787939427.505,goal_turn,12.101,6.654,-111.2,3,3,4,12.075,6.525,-165.8,0.0,0.132,0.0,-4.5,,1.7
1787939427.56,goal_turn,12.097,6.645,-117.4,3,3,4,12.075,6.525,-159.6,0.0,0.122,0.0,-4.5,,1.7
1787939427.612,goal_turn,12.097,6.645,-120.8,3,3,4,12.075,6.525,-156.2,0.0,0.122,0.0,-4.5,,1.7
1787939427.671,goal_turn,12.097,6.645,-127.7,3,3,4,12.075,6.525,-149.3,0.0,0.122,0.0,-4.5,,1.69
1787939427.728,goal_turn,12.097,6.645,-131.1,3,3,4,12.075,6.525,-145.9,0.0,0.122,0.0,-4.5,,1.69
1787939427.789,goal_turn,12.097,6.645,-138.0,3,3,4,12.075,6.525,-139.0,0.0,0.122,0.0,-4.5,,1.69
1787939427.845,goal_turn,12.097,6.645,-141.4,3,3,4,12.075,6.525,-135.6,0.0,0.122,0.0,-4.5,,1.69
1787939427.905,goal_turn,12.097,6.645,-148.3,3,3,4,12.075,6.525,-128.7,0.0,0.122,0.0,-4.5,,1.71
1787939427.957,goal_turn,12.097,6.645,-151.7,3,3,4,12.075,6.525,-125.3,0.0,0.122,0.0,-4.5,,1.71
1787939428.01,goal_turn,12.097,6.645,-158.6,3,3,4,12.075,6.525,-118.4,0.0,0.122,0.0,-4.5,,2.03
1787939428.065,goal_turn,12.097,6.645,-162.0,3,3,4,12.075,6.525,-115.0,0.0,0.122,0.0,-4.5,,2.03
1787939428.117,goal_turn,12.102,6.642,-169.0,3,3,4,12.075,6.525,-108.0,0.0,0.12,0.0,-4.5,,2.02
1787939428.169,goal_turn,12.106,6.64,-172.5,3,3,4,12.075,6.525,-104.5,0.0,0.119,0.0,-4.5,,2.02
1787939428.223,goal_turn,12.11,6.634,-179.1,3,3,4,12.075,6.525,-97.9,0.0,0.114,0.0,-4.5,,2.23
1787939428.274,goal_turn,12.11,6.631,177.6,3,3,4,12.075,6.525,-94.6,0.0,0.112,0.0,-4.5,,2.23
1787939428.329,goal_turn,12.113,6.631,170.9,3,3,4,12.075,6.525,-87.9,0.0,0.112,0.0,-4.5,,2.68
1787939428.382,goal_turn,12.114,6.632,167.5,3,3,4,12.075,6.525,-84.5,0.0,0.114,0.0,-4.424,,2.68
1787939428.433,goal_turn,12.117,6.631,164.0,2,2,3,12.075,6.525,-81.0,0.0,0.115,0.0,-4.243,,3.12
1787939428.493,goal_turn,12.125,6.627,157.2,2,2,3,12.075,6.525,-74.2,0.0,0.113,0.0,-3.883,,3.12
1787939428.557,goal_turn,12.127,6.624,154.2,2,2,3,12.075,6.525,-71.2,0.0,0.112,0.0,-3.726,,2.8
1787939428.616,goal_turn,12.127,6.618,149.5,2,2,3,12.075,6.525,-66.5,0.0,0.106,0.0,-3.481,,2.8
1787939428.673,goal_turn,12.127,6.617,147.1,2,2,3,12.075,6.525,-64.1,0.0,0.105,0.0,-3.356,,2.63
1787939428.725,goal_turn,12.13,6.617,142.6,2,2,3,12.075,6.525,-59.6,0.0,0.107,0.0,-3.121,,2.63
1787939428.78,goal_turn,12.131,6.619,140.6,2,2,3,12.075,6.525,-57.6,0.0,0.109,0.0,-3.014,,2.55
1787939428.83,goal_turn,12.133,6.623,137.2,2,2,3,12.075,6.525,-54.2,0.0,0.114,0.0,-2.835,,2.55
1787939428.882,goal_turn,12.135,6.62,135.8,2,2,3,12.075,6.525,-52.8,0.0,0.113,0.0,-2.767,,2.51
1787939428.935,goal_turn,12.138,6.611,133.9,2,2,3,12.075,6.525,-50.9,0.0,0.107,0.0,-2.667,,2.51
1787939428.99,goal_turn,12.143,6.608,132.9,2,2,3,12.075,6.525,-49.9,0.0,0.108,0.0,-2.613,,0.89
1787939429.039,goal_turn,12.156,6.603,131.0,2,2,3,12.075,6.525,-48.0,0.0,0.113,0.0,-2.515,,0.89
1787939429.095,goal_turn,12.158,6.604,129.9,2,2,3,12.075,6.525,-46.9,0.0,0.114,0.0,-2.453,,0.85
1787939429.149,goal_turn,12.159,6.605,127.6,2,2,3,12.075,6.525,-44.6,0.0,0.116,0.0,-2.4,,0.85
1787939429.205,goal_turn,12.153,6.606,126.7,2,2,3,12.075,6.525,-43.7,0.0,0.112,0.0,-2.4,,0.84
1787939429.261,goal_turn,12.138,6.61,125.1,2,2,3,12.075,6.525,-42.1,0.0,0.106,0.0,-2.4,,0.84
1787939429.325,goal_turn,12.138,6.61,124.2,2,2,3,12.075,6.525,-41.2,0.0,0.106,0.0,-2.4,,0.84
1787939429.383,goal_turn,12.138,6.61,123.4,2,2,3,12.075,6.525,-40.4,0.0,0.106,0.0,-2.4,,0.84
1787939429.44,goal_turn,12.133,6.608,121.8,2,2,3,12.075,6.525,-38.8,0.0,0.101,0.0,-2.4,,0.84
1787939429.496,goal_turn,12.128,6.606,121.0,2,2,3,12.075,6.525,-38.0,0.0,0.097,0.0,-2.4,,0.84
1787939429.548,goal_turn,12.123,6.604,119.4,2,2,3,12.075,6.525,-36.4,0.0,0.093,0.0,-2.4,,0.84
1787939429.602,goal_turn,12.123,6.604,118.6,2,2,3,12.075,6.525,-35.6,0.0,0.093,0.0,-2.4,,0.84
1787939429.654,goal_turn,12.121,6.597,116.7,2,2,3,12.075,6.525,-33.7,0.0,0.086,0.0,-2.4,,0.85
1787939429.707,goal_turn,12.12,6.59,115.7,2,2,3,12.075,6.525,-32.7,0.0,0.079,0.0,-2.4,,0.85
1787939429.76,goal_turn,12.118,6.585,113.8,2,2,3,12.075,6.525,-30.8,0.0,0.074,0.0,-2.4,,0.85
1787939429.81,goal_turn,12.118,6.585,113.0,2,2,3,12.075,6.525,-30.0,0.0,0.074,0.0,-2.4,,0.85
1787939429.865,goal_turn,12.118,6.585,111.3,2,2,3,12.075,6.525,-28.3,0.0,0.074,0.0,-2.4,,0.85
1787939429.916,goal_turn,12.118,6.585,110.4,2,2,3,12.075,6.525,-27.4,0.0,0.074,0.0,-2.4,,0.85
1787939429.968,goal_turn,12.115,6.583,108.8,2,2,3,12.075,6.525,-25.8,0.0,0.071,0.0,-2.4,,0.85
1787939430.024,goal_turn,12.112,6.582,108.1,2,2,3,12.075,6.525,-25.1,0.0,0.068,0.0,-2.4,,0.85
1787939430.087,goal_turn,12.111,6.581,106.5,2,2,3,12.075,6.525,-23.5,0.0,0.066,0.0,-2.4,,0.85
1787939430.143,goal_turn,12.111,6.581,105.6,2,2,3,12.075,6.525,-22.6,0.0,0.066,0.0,-2.4,,0.85
1787939430.204,goal_turn,12.111,6.581,103.9,2,2,3,12.075,6.525,-20.9,0.0,0.066,0.0,-2.4,,0.86
1787939430.257,goal_turn,12.111,6.581,103.0,2,2,3,12.075,6.525,-20.0,0.0,0.066,0.0,-2.4,,0.86
1787939430.31,goal_turn,12.113,6.579,102.2,2,2,3,12.075,6.525,-19.2,0.0,0.066,0.0,-2.4,,0.86
1787939430.366,turning,12.121,6.57,100.7,0,30,155,10.701,6.063,155.5,1.507,6.263,0.0,4.5,1.5,0.86
1787939430.42,turning,12.123,6.568,99.9,0,30,155,10.701,6.063,155.0,1.508,6.265,0.0,4.5,1.5,0.86
1787939430.476,turning,12.123,6.568,104.9,0,30,155,10.701,6.063,148.5,1.508,6.265,0.0,4.5,1.5,0.86
1787939430.529,turning,12.123,6.568,108.2,0,30,155,10.701,6.063,143.9,1.508,6.265,0.0,4.5,1.5,0.86
1787939430.582,turning,12.123,6.568,114.8,0,30,155,10.701,6.063,136.1,1.508,6.265,0.0,4.5,1.5,0.86
1787939430.635,turning,12.124,6.569,118.1,0,30,155,10.701,6.063,131.5,1.509,6.266,0.0,4.5,1.5,0.87
1787939430.688,turning,12.126,6.571,124.8,0,30,155,10.701,6.063,123.5,1.512,6.267,0.0,4.5,1.5,0.87
1787939430.74,turning,12.126,6.571,128.1,0,30,155,10.701,6.063,119.0,1.512,6.268,0.0,4.5,1.5,0.88
1787939430.796,turning,12.126,6.571,134.7,0,30,155,10.701,6.063,111.3,1.512,6.268,0.0,4.5,1.5,0.88
1787939430.854,turning,12.126,6.571,137.9,0,30,155,10.701,6.063,106.9,1.512,6.268,0.0,4.5,1.5,2.54
1787939430.916,turning,12.126,6.571,144.5,0,30,155,10.701,6.063,99.2,1.512,6.268,0.0,4.5,1.5,2.54
1787939430.976,turning,12.126,6.571,147.8,0,30,155,10.701,6.063,94.8,1.512,6.268,0.0,4.5,1.5,2.61
1787939431.031,turning,12.126,6.571,154.3,0,30,155,10.701,6.063,87.2,1.512,6.268,0.0,4.5,1.5,2.61
1787939431.089,turning,12.128,6.567,157.3,0,30,155,10.701,6.063,83.2,1.513,6.271,0.0,4.5,1.5,2.76
1787939431.14,turning,12.133,6.557,163.1,0,30,155,10.701,6.063,76.3,1.515,6.277,0.0,4.5,1.5,2.76
1787939431.195,turning,12.133,6.547,166.2,0,30,155,10.701,6.063,72.3,1.512,6.28,0.0,4.5,1.5,3.01
1787939431.248,turning,12.133,6.537,169.2,0,30,155,10.701,6.063,68.2,1.508,6.282,0.0,4.5,1.5,3.01
1787939431.305,turning,12.129,6.529,175.4,0,30,155,10.701,6.063,61.1,1.502,6.279,0.0,4.232,1.5,3.43
1787939431.356,turning,12.125,6.532,178.5,0,30,153,10.719,5.956,57.2,1.52,6.275,0.0,4.071,1.5,3.43
1787939431.412,turning,12.126,6.525,-176.3,0,30,153,10.719,5.956,51.2,1.518,6.277,0.0,3.799,1.5,2.33
1787939431.465,turning,12.131,6.515,-174.0,0,30,153,10.719,5.956,48.0,1.519,6.283,0.0,3.676,1.5,2.33
1787939431.518,turning,12.129,6.506,-169.1,0,30,153,10.719,5.956,42.3,1.514,6.283,0.0,3.422,1.5,2.0
1787939431.575,turning,12.124,6.506,-166.5,0,30,153,10.719,5.956,38.9,1.509,6.279,0.0,3.285,1.5,2.0
1787939431.635,turning,12.121,6.508,-162.5,0,30,153,10.719,5.956,34.1,1.507,6.275,0.0,3.072,1.5,1.8
1787939431.694,turning,12.122,6.51,-160.8,0,30,153,10.719,5.956,31.7,1.509,6.276,0.0,2.983,1.5,1.8
1787939431.751,turning,12.123,6.505,-158.4,0,30,153,10.719,5.956,28.6,1.507,6.278,0.0,2.859,1.5,1.77
1787939431.808,turning,12.122,6.499,-157.4,0,30,153,10.719,5.956,26.9,1.504,6.278,0.0,2.808,1.5,1.77
1787939431.862,turning,12.123,6.492,-154.9,0,30,153,10.719,5.956,23.7,1.503,6.28,0.0,2.676,1.5,1.77
1787939431.915,turning,12.125,6.491,-153.5,0,30,153,10.719,5.956,21.5,1.505,6.283,0.0,2.601,1.5,1.77
1787939431.968,turning,12.119,6.488,-150.7,0,30,153,10.719,5.956,18.0,1.498,6.277,0.0,2.454,1.5,1.77
1787939432.021,turning,12.113,6.486,-149.2,1,31,153,10.625,5.925,16.0,1.59,6.272,0.0,2.4,1.5,1.77
1787939432.077,turning,12.105,6.48,-146.9,1,31,153,10.625,5.925,13.0,1.581,6.266,0.0,2.4,1.5,1.76
1787939432.127,turning,12.102,6.476,-145.8,1,31,153,10.625,5.925,11.3,1.577,6.263,0.0,2.4,1.5,1.76
1787939432.182,turning,12.101,6.474,-144.9,1,31,153,10.625,5.925,9.7,1.574,6.262,0.0,2.4,1.5,1.76
1787939432.234,turning,12.101,6.474,-143.2,1,31,153,10.625,5.925,7.5,1.574,6.262,0.0,2.4,1.5,1.76
1787939432.289,turning,12.1,6.471,-142.7,1,31,153,10.625,5.925,6.3,1.573,6.262,0.0,2.4,1.5,1.76
1787939432.343,turning,12.095,6.458,-142.0,1,31,153,10.625,5.925,5.1,1.564,6.26,0.0,2.4,1.5,1.76
1787939432.405,turning,12.094,6.455,-141.4,0,30,154,10.638,5.996,3.8,1.527,6.259,0.0,2.4,1.5,1.45
1787939432.466,turning,12.094,6.455,-139.8,0,30,154,10.638,5.996,1.6,1.527,6.259,0.0,2.4,1.5,1.45
1787939432.531,turning,12.09,6.45,-138.9,0,30,154,10.638,5.996,0.1,1.522,6.257,0.0,2.4,1.5,1.43
1787939432.589,turning,12.079,6.435,-137.0,0,30,154,10.638,5.996,-2.4,1.507,6.249,0.0,2.4,1.5,1.43
1787939432.643,turning,12.078,6.433,-136.2,0,30,154,10.638,5.996,-3.8,1.505,6.248,0.0,2.4,1.5,1.42
1787939432.695,turning,12.078,6.433,-134.5,0,30,154,10.638,5.996,-6.0,1.505,6.248,0.0,2.4,1.5,1.42
1787939432.747,turning,12.078,6.433,-133.7,0,30,154,10.638,5.996,-7.4,1.505,6.248,0.0,2.4,1.5,1.41
1787939432.8,turning,12.078,6.433,-132.1,0,30,154,10.638,5.996,-9.6,1.505,6.248,0.0,2.4,1.5,1.41
1787939432.853,turning,12.08,6.43,-131.5,0,30,154,10.638,5.996,-10.7,1.506,6.251,0.0,2.4,1.5,1.4
1787939432.905,turning,12.085,6.421,-130.3,0,30,154,10.638,5.996,-12.5,1.508,6.258,0.0,2.4,1.5,1.4
1787939432.958,turning,12.085,6.42,-129.5,0,30,154,10.638,5.996,-13.8,1.508,6.258,0.0,2.4,1.5,1.4
1787939433.009,turning,12.085,6.42,-127.8,0,30,154,10.638,5.996,-15.9,1.508,6.258,0.0,2.4,1.5,1.4
1787939433.064,turning,12.085,6.42,-127.0,0,30,154,10.638,5.996,-17.2,1.508,6.258,0.0,2.4,1.5,1.4
1787939433.121,turning,12.085,6.42,-126.2,0,30,154,10.638,5.996,-18.5,1.508,6.258,0.0,2.4,1.5,1.4
1787939433.183,turning,12.074,6.407,-124.4,0,30,154,10.638,5.996,-20.8,1.494,6.251,0.0,2.4,1.5,1.39
1787939433.241,turning,12.063,6.394,-123.4,1,31,154,10.59,5.98,-22.3,1.53,6.243,0.0,2.4,1.5,1.39
1787939433.301,turning,12.053,6.382,-121.6,1,31,154,10.59,5.98,-24.5,1.516,6.235,0.0,2.4,1.5,1.39
1787939433.36,turning,12.053,6.382,-120.8,1,31,154,10.59,5.98,-25.8,1.516,6.235,0.0,2.4,1.5,1.39
1787939433.416,turning,12.053,6.382,-119.1,0,30,153,10.638,5.896,-27.8,1.496,6.235,0.0,2.4,1.5,1.39
1787939433.47,turning,12.053,6.382,-118.3,0,30,153,10.638,5.896,-29.0,1.496,6.235,0.0,2.4,1.5,1.39
1787939433.523,turning,12.046,6.379,-116.8,1,31,153,10.59,5.88,-30.8,1.538,6.229,0.0,2.4,1.5,1.39
1787939433.576,turning,12.04,6.376,-116.1,1,31,153,10.59,5.88,-31.8,1.532,6.224,0.0,2.4,1.5,1.39
1787939433.63,turning,12.035,6.374,-114.6,1,31,153,10.59,5.88,-33.7,1.527,6.22,0.0,2.4,1.5,1.38
1787939433.686,turning,12.035,6.374,-113.8,1,31,153,10.59,5.88,-34.8,1.527,6.22,0.0,2.4,1.5,1.38
1787939433.738,turning,12.035,6.374,-112.1,1,31,153,10.59,5.88,-36.8,1.527,6.22,0.0,2.4,1.5,1.38
1787939433.793,turning,12.035,6.374,-111.3,1,31,153,10.59,5.88,-37.9,1.527,6.22,0.0,2.4,1.5,1.38
1787939433.847,turning,12.039,6.373,-109.8,1,31,153,10.59,5.88,-39.7,1.53,6.225,0.0,2.4,1.5,1.38
1787939433.906,turning,12.043,6.371,-109.1,1,31,153,10.59,5.88,-40.7,1.533,6.228,0.0,2.4,1.5,1.38
1787939433.963,driving,12.045,6.371,-107.5,1,31,153,10.59,5.88,-42.6,1.535,6.23,0.3,0.0,1.5,1.38
1787939434.027,turning,12.045,6.371,-106.7,1,31,153,10.59,5.88,-43.7,1.535,6.23,0.0,-2.4,1.5,1.38
1787939434.09,turning,12.044,6.37,-106.5,1,31,153,10.59,5.88,-44.2,1.534,6.23,0.0,-2.4,1.5,1.38
1787939434.144,turning,12.044,6.37,-108.1,1,31,153,10.59,5.88,-42.8,1.534,6.23,0.0,-2.4,1.5,1.38
1787939434.196,turning,12.046,6.371,-109.0,1,31,153,10.59,5.88,-42.2,1.536,6.231,0.0,-2.4,1.5,1.38
1787939434.25,turning,12.051,6.374,-111.0,0,30,153,10.638,5.896,-40.4,1.492,6.236,0.0,-2.4,1.5,1.38
1787939434.306,turning,12.053,6.375,-111.9,0,30,153,10.638,5.896,-39.8,1.494,6.237,0.0,-2.4,1.5,1.38
1787939434.358,turning,12.053,6.375,-113.6,0,30,153,10.638,5.896,-38.3,1.494,6.237,0.0,-2.4,1.5,1.38
1787939434.412,turning,12.053,6.375,-114.5,0,30,153,10.638,5.896,-37.7,1.494,6.237,0.0,-2.4,1.5,1.37
1787939434.47,turning,12.053,6.375,-116.2,0,30,150,10.638,5.896,-36.2,1.494,6.237,0.0,-2.4,1.5,1.37
1787939434.522,turning,12.051,6.373,-117.0,0,30,150,10.638,5.896,-35.6,1.491,6.235,0.0,-2.4,1.5,1.37
1787939434.574,turning,12.045,6.37,-118.5,1,31,150,10.59,5.88,-34.3,1.535,6.231,0.0,-2.4,1.5,1.37
1787939434.627,turning,12.045,6.369,-119.3,1,31,150,10.59,5.88,-33.7,1.534,6.23,0.0,-2.4,1.5,1.37
1787939434.682,turning,12.045,6.369,-121.0,1,31,150,10.59,5.88,-32.2,1.534,6.23,0.0,-2.4,1.5,1.37
1787939434.742,turning,12.045,6.369,-121.9,1,31,150,10.59,5.88,-31.5,1.534,6.23,0.0,-2.4,1.5,1.36
1787939434.801,turning,12.045,6.369,-123.6,1,31,150,10.59,5.88,-30.0,1.534,6.23,0.0,-2.4,1.5,1.36
1787939434.86,turning,12.045,6.367,-124.4,1,31,150,10.59,5.88,-29.4,1.534,6.231,0.0,-2.4,1.5,1.36
1787939434.915,turning,12.046,6.363,-126.0,1,31,150,10.59,5.88,-28.0,1.533,6.233,0.0,-2.4,1.5,1.36
1787939434.968,turning,12.046,6.362,-126.8,1,31,150,10.59,5.88,-27.4,1.533,6.233,0.0,-2.4,1.5,1.36
1787939435.019,turning,12.046,6.362,-127.7,1,31,150,10.59,5.88,-26.7,1.533,6.233,0.0,-2.4,1.5,1.36
1787939435.074,turning,12.046,6.362,-129.4,1,31,150,10.59,5.88,-25.1,1.533,6.233,0.0,-2.4,1.5,1.35
1787939435.126,turning,12.046,6.362,-130.3,1,31,150,10.59,5.88,-24.5,1.533,6.233,0.0,-2.4,1.5,1.35
1787939435.182,turning,12.047,6.357,-131.9,1,31,150,10.59,5.88,-23.0,1.532,6.235,0.0,-2.4,1.5,1.35
1787939435.234,turning,12.047,6.352,-132.6,1,31,150,10.59,5.88,-22.4,1.531,6.237,0.0,-2.4,1.5,1.35
1787939435.291,turning,12.048,6.347,-134.3,1,31,150,10.59,5.88,-21.0,1.53,6.238,0.0,-2.4,1.5,1.35
1787939435.343,turning,12.048,6.347,-135.1,1,31,150,10.59,5.88,-20.3,1.53,6.238,0.0,-2.4,1.5,1.35
1787939435.397,turning,12.048,6.347,-136.9,1,31,150,10.59,5.88,-18.7,1.53,6.238,0.0,-2.4,1.5,1.35
1787939435.449,turning,12.048,6.347,-137.7,1,31,150,10.59,5.88,-18.0,1.53,6.238,0.0,-2.4,1.5,1.35
1787939435.514,turning,12.046,6.345,-139.1,0,30,151,10.588,5.846,-16.7,1.541,6.237,0.0,-2.4,1.5,1.35
1787939435.571,turning,12.044,6.343,-139.8,0,30,151,10.588,5.846,-16.3,1.539,6.236,0.0,-2.4,1.5,1.35
1787939435.629,turning,12.043,6.341,-141.3,0,30,151,10.588,5.846,-14.8,1.537,6.235,0.0,-2.4,1.5,1.35
1787939435.688,turning,12.043,6.341,-142.2,0,30,151,10.588,5.846,-14.1,1.537,6.235,0.0,-2.4,1.5,1.35
1787939435.741,turning,12.043,6.341,-143.9,0,30,151,10.588,5.846,-12.5,1.537,6.235,0.0,-2.4,1.5,1.36
1787939435.793,turning,12.043,6.341,-144.8,0,30,151,10.588,5.846,-11.8,1.537,6.235,0.0,-2.4,1.5,1.36
1787939435.849,driving,12.042,6.334,-146.4,0,30,151,10.588,5.846,-10.2,1.534,6.236,0.3,0.0,1.5,1.37
1787939435.902,driving,12.042,6.328,-147.2,0,30,151,10.588,5.846,-9.6,1.532,6.237,0.3,0.0,1.5,1.37
1787939435.953,driving,12.041,6.325,-147.4,0,30,151,10.588,5.846,-9.5,1.531,6.237,0.3,0.0,1.5,1.38
1787939436.006,driving,12.036,6.322,-147.4,0,30,151,10.588,5.846,-9.6,1.525,6.233,0.3,0.0,1.5,1.38
1787939436.059,driving,12.031,6.319,-147.4,0,30,151,10.588,5.846,-9.7,1.519,6.229,0.3,0.0,1.5,1.38
1787939436.111,driving,12.018,6.31,-147.4,0,30,151,10.588,5.846,-9.8,1.503,6.218,0.3,0.0,1.5,1.38
1787939436.163,driving,12.011,6.302,-147.3,0,30,151,10.588,5.846,-10.1,1.495,6.213,0.3,0.0,1.5,1.36
1787939436.214,driving,12.002,6.282,-147.0,1,31,151,10.54,5.83,-10.5,1.529,6.209,0.3,0.0,1.5,1.36
1787939436.275,driving,11.994,6.275,-146.9,1,31,151,10.54,5.83,-10.7,1.52,6.203,0.3,0.0,1.5,1.35
1787939436.337,driving,11.977,6.264,-146.9,1,31,151,10.54,5.83,-10.9,1.501,6.189,0.3,0.0,1.5,1.35
1787939436.402,driving,11.969,6.258,-146.9,1,31,151,10.54,5.83,-11.0,1.491,6.183,0.3,0.0,1.5,1.67
1787939436.456,driving,11.952,6.247,-146.9,2,32,151,10.493,5.814,-11.1,1.521,6.169,0.3,0.0,1.5,1.67
1787939436.514,driving,11.943,6.242,-146.9,1,31,149,10.481,5.766,-11.2,1.538,6.162,0.3,0.0,1.5,1.65
1787939436.568,driving,11.926,6.231,-146.9,1,31,149,10.481,5.766,-11.3,1.518,6.148,0.3,0.0,1.5,1.65
1787939436.62,driving,11.917,6.225,-146.9,1,31,149,10.481,5.766,-11.4,1.508,6.141,0.3,0.0,1.5,1.62
1787939436.672,driving,11.9,6.214,-146.9,1,31,149,10.481,5.766,-11.5,1.488,6.128,0.3,0.0,1.5,1.62
1787939436.726,driving,11.892,6.208,-146.9,2,32,149,10.432,5.756,-11.6,1.528,6.121,0.3,0.0,1.5,1.59
1787939436.78,driving,11.875,6.197,-146.9,2,32,149,10.432,5.756,-11.8,1.509,6.107,0.3,0.0,1.5,1.59
1787939436.834,driving,11.866,6.192,-146.9,2,32,149,10.432,5.756,-11.9,1.499,6.1,0.3,0.0,1.5,1.56
1787939436.887,driving,11.858,6.186,-146.9,2,32,149,10.432,5.756,-12.0,1.489,6.093,0.3,0.0,1.5,1.56
1787939436.939,driving,11.837,6.168,-147.1,3,33,149,10.383,5.747,-11.9,1.514,6.079,0.3,0.0,1.5,1.53
1787939436.993,driving,11.826,6.155,-147.2,3,33,149,10.383,5.747,-11.9,1.5,6.071,0.3,0.0,1.5,1.53
1787939437.047,driving,11.806,6.137,-147.4,4,34,149,10.334,5.737,-11.9,1.526,6.056,0.3,0.0,1.5,1.5
1787939437.112,driving,11.797,6.132,-147.4,4,34,149,10.334,5.737,-12.0,1.516,6.05,0.3,0.0,1.5,1.5
1787939437.174,driving,11.78,6.121,-147.4,4,34,149,10.334,5.737,-12.2,1.496,6.036,0.3,0.0,1.5,1.47
1787939437.229,driving,11.771,6.115,-147.4,5,35,149,10.275,5.725,-12.3,1.546,6.029,0.3,0.0,1.5,1.47
1787939437.288,driving,11.754,6.104,-147.4,5,35,149,10.275,5.725,-12.4,1.527,6.016,0.3,0.0,1.5,1.45
