t_wall,px,py,yaw_deg,plan_rel_deg,front_obst_m,cmd_nav_vx,cmd_nav_wz
1788372121.402,1.000,1.000,0.0,,3.367,0.0000,0.0000
1788372121.634,1.000,1.000,0.0,,3.367,0.0000,0.0000
1788372121.852,1.000,1.000,0.0,,3.367,0.0000,0.0000
1788372122.100,1.000,1.000,0.0,,3.367,0.0000,0.0000
1788372122.315,1.000,1.000,0.0,,3.367,0.0000,0.0000
1788372122.529,1.000,1.000,0.0,,3.367,0.0000,0.0000
1788372122.761,1.000,1.000,0.0,,3.367,0.0000,0.0000
1788372122.975,1.000,1.000,0.0,,3.367,0.0000,0.0000
1788372123.185,1.000,1.000,0.0,,3.367,0.0000,0.0000
1788372123.396,1.000,1.000,0.0,,3.367,0.0000,0.0000
1788372123.623,1.000,1.000,0.0,,3.367,0.0000,0.0000
1788372123.834,1.000,1.000,0.0,,3.367,0.0000,0.0000
1788372124.044,1.000,1.000,0.0,,3.367,0.0000,0.0000
1788372124.270,1.000,1.000,0.0,,3.367,0.0000,0.0000
1788372124.495,1.000,1.000,0.0,,3.367,0.0000,0.0000
1788372124.701,1.000,1.000,0.0,,3.367,0.0000,0.0000
1788372124.904,1.000,1.000,0.0,,3.367,0.0000,0.0000
1788372125.148,1.000,1.000,0.0,,3.367,0.0000,0.0000
1788372125.365,1.000,1.000,0.0,,3.367,0.0000,0.0000
1788372125.574,1.000,1.000,0.0,,3.367,0.0000,0.0000
1788372125.804,1.000,1.000,0.0,,3.367,0.0000,0.0000
1788372126.036,1.000,1.000,0.0,,3.367,0.0000,0.0000
1788372126.246,1.000,1.000,0.0,,3.367,0.0000,0.0000
1788372126.449,1.000,1.000,0.0,,3.367,0.0000,0.0000
1788372126.672,1.000,1.000,0.0,,3.367,0.0000,0.0000
1788372126.886,1.000,1.000,0.0,,3.367,0.0000,0.0000
1788372127.095,1.000,1.000,0.0,,3.367,0.0000,0.0000
1788372127.307,1.000,1.000,0.0,,3.367,0.0000,0.0000
1788372127.539,1.000,1.000,0.0,,3.367,0.0000,0.0000
1788372127.823,1.000,1.000,0.0,,3.367,0.0000,0.0000
1788372128.026,1.000,1.000,0.0,,3.367,0.0000,0.0000
1788372128.248,1.000,1.000,0.0,,3.367,0.0000,0.0000
1788372128.460,1.000,1.000,0.0,,3.367,0.0000,0.0000
1788372128.665,1.000,1.000,0.0,,3.367,0.0000,0.0000
1788372128.882,1.000,1.000,0.0,,3.367,0.0000,0.0000
1788372129.112,1.000,1.000,0.0,,3.367,0.0000,0.0000
1788372129.316,1.000,1.000,0.0,,3.367,0.0000,0.0000
1788372129.524,1.000,1.000,0.0,,3.367,0.0000,0.0000
1788372129.753,1.000,1.000,0.0,,3.367,0.0000,0.0000
1788372129.974,1.000,1.000,0.0,,3.367,0.0000,0.0000
1788372130.222,1.000,1.000,0.0,,3.367,0.0000,0.0000
1788372130.470,1.000,1.000,0.0,,3.367,0.0000,0.0000
1788372130.695,1.000,1.000,0.0,,3.367,0.0000,0.0000
1788372130.902,1.000,1.000,0.0,,3.367,0.0000,0.0000
1788372131.110,1.000,1.000,0.0,,3.367,0.0000,0.0000
1788372131.331,1.000,1.000,0.0,,3.367,0.0000,0.0000
1788372131.557,1.000,1.000,0.0,,3.367,0.0000,0.0000
1788372131.768,1.000,1.000,0.0,,3.367,0.0000,0.0000
1788372132.002,1.000,1.000,0.0,,3.367,0.0000,0.0000
1788372132.236,1.000,1.000,0.0,,3.367,0.0000,0.0000
1788372132.446,1.000,1.000,0.0,,3.367,0.0000,0.0000
1788372132.665,1.000,1.000,0.0,,3.367,0.0000,0.0000
1788372132.886,1.000,1.000,0.0,,3.367,0.0000,0.0000
1788372133.113,1.000,1.000,0.0,,3.367,0.0000,0.0000
1788372133.330,1.000,1.000,0.0,,3.367,0.0000,0.0000
1788372133.540,1.000,1.000,0.0,,3.367,0.0000,0.0000
1788372133.775,1.000,1.000,0.0,,3.367,0.0000,0.0000
1788372133.987,1.000,1.000,0.0,,3.367,0.0000,0.0000
1788372134.190,1.000,1.000,0.0,,3.367,0.0000,0.0000
1788372134.407,1.000,1.000,0.0,,3.367,0.0000,0.0000
1788372134.626,1.000,1.000,0.0,,3.367,0.0000,0.0000
1788372134.831,1.000,1.000,0.0,,3.367,0.0000,0.0000
1788372135.040,1.000,1.000,0.0,,3.367,0.0000,0.0000
1788372135.263,1.000,1.000,0.0,,3.367,0.0000,0.0000
1788372135.488,1.000,1.000,0.0,,3.367,0.0000,0.0000
1788372135.703,1.000,1.000,0.0,,3.367,0.0000,0.0000
1788372135.914,1.000,1.000,0.0,,3.367,0.0000,0.0000
1788372136.141,1.000,1.000,0.0,,3.367,0.0000,0.0000
1788372136.353,1.000,1.000,0.0,,3.367,0.0000,0.0000
1788372136.564,1.000,1.000,0.0,,3.367,0.0000,0.0000
1788372136.791,1.000,1.000,0.0,,3.367,0.0000,0.0000
1788372137.016,1.000,1.000,0.0,,3.367,0.0000,0.0000
1788372137.220,1.000,1.000,0.0,,3.367,0.0000,0.0000
1788372137.429,1.000,1.000,0.0,,3.367,0.0000,0.0000
1788372137.661,1.000,1.000,0.0,,3.367,0.0000,0.0000
1788372137.873,1.000,1.000,0.0,,3.367,0.0000,0.0000
1788372138.081,1.000,1.000,0.0,,3.367,0.0000,0.0000
1788372138.305,1.000,1.000,0.0,,3.367,0.0000,0.0000
1788372138.529,1.000,1.000,0.0,,3.367,0.0000,0.0000
1788372138.733,1.000,1.000,0.0,,3.367,0.0000,0.0000
1788372138.941,1.000,1.000,0.0,,3.367,0.0000,0.0000
1788372139.168,1.000,1.000,0.0,,3.367,0.0000,0.0000
1788372139.384,1.000,1.000,0.0,,3.367,0.0000,0.0000
1788372139.591,1.000,1.000,0.0,,3.367,0.0000,0.0000
1788372139.797,1.000,1.000,0.0,,3.367,0.0000,0.0000
1788372140.036,1.000,1.000,0.0,,3.367,0.0000,0.0000
1788372140.252,1.000,1.000,0.0,,3.367,0.0000,0.0000
1788372140.479,1.000,1.000,0.0,,3.367,0.0000,0.0000
1788372140.712,1.000,1.000,0.0,,3.367,0.0000,0.0000
1788372140.943,1.000,1.000,0.0,,3.367,0.0000,0.0000
1788372141.168,1.000,1.000,0.0,,3.367,0.0000,0.0000
1788372141.392,1.000,1.000,0.0,,3.367,0.0000,0.0000
1788372141.642,1.000,1.000,0.0,,3.367,0.0000,0.0000
1788372141.852,1.000,1.000,0.0,,3.367,0.0000,0.0000
1788372142.064,1.000,1.000,0.0,,3.367,0.0000,0.0000
1788372142.287,1.000,1.000,0.0,,3.367,0.0000,0.0000
1788372142.514,1.000,1.000,0.0,,3.367,0.0000,0.0000
1788372142.724,1.000,1.000,0.0,,3.367,0.0000,0.0000
1788372142.934,1.000,1.000,0.0,,3.367,0.0000,0.0000
1788372143.173,1.000,1.000,0.0,,3.367,0.0000,0.0000
1788372143.404,1.000,1.000,0.0,,3.367,0.0000,0.0000
1788372143.611,1.000,1.000,0.0,,3.367,0.0000,0.0000
1788372143.843,1.000,1.000,0.0,,3.367,0.0000,0.0000
1788372144.074,1.000,1.000,0.0,,3.367,0.0000,0.0000
1788372144.284,1.000,1.000,0.0,,3.367,0.0000,0.0000
1788372144.494,1.000,1.000,0.0,,3.367,0.0000,0.0000
1788372144.727,1.000,1.000,0.0,,3.367,0.0000,0.0000
1788372144.939,1.000,1.000,0.0,,3.367,0.0000,0.0000
1788372145.150,1.000,1.000,0.0,,3.367,0.0000,0.0000
1788372145.371,1.000,1.000,0.0,,3.367,0.0000,0.0000
1788372145.601,1.000,1.000,0.0,,3.367,0.0000,0.0000
1788372145.804,1.000,1.000,0.0,,3.367,0.0000,0.0000
1788372146.013,1.000,1.000,0.0,,3.367,0.0000,0.0000
1788372146.244,1.000,1.000,0.0,,3.367,0.0000,0.0000
1788372146.473,1.000,1.000,0.0,,3.367,0.0000,0.0000
1788372146.686,1.000,1.000,0.0,,3.367,0.0000,0.0000
1788372146.902,1.000,1.000,0.0,,3.367,0.0000,0.0000
1788372147.136,1.000,1.000,0.0,,3.367,0.0000,0.0000
1788372147.348,1.000,1.000,0.0,,3.367,0.0000,0.0000
1788372147.556,1.000,1.000,0.0,,3.367,0.0000,0.0000
1788372147.775,1.000,1.000,0.0,,3.367,0.0000,0.0000
1788372148.000,1.000,1.000,0.0,,3.367,0.0000,0.0000
1788372148.204,1.000,1.000,0.0,,3.367,0.0000,0.0000
1788372148.420,1.000,1.000,0.0,,3.367,0.0000,0.0000
1788372148.655,1.000,1.000,0.0,,3.367,0.0000,0.0000
1788372148.864,1.000,1.000,0.0,,3.367,0.0000,0.0000
1788372149.075,1.000,1.000,0.0,,3.367,0.0000,0.0000
1788372149.293,1.000,1.000,0.0,,3.367,0.0000,0.0000
1788372149.527,1.000,1.000,0.0,72.1,3.367,0.0000,0.0000
1788372149.738,1.000,1.000,0.0,72.1,3.367,0.0000,0.0000
1788372149.947,1.000,1.000,0.0,72.1,3.367,0.0000,0.0000
1788372150.176,1.000,1.000,0.0,72.1,3.367,0.0000,0.0000
1788372150.399,1.000,1.000,0.0,72.1,3.367,0.0000,0.0000
1788372150.607,1.000,1.000,0.0,72.1,3.367,0.0000,0.0000
1788372150.818,1.000,1.000,0.0,72.1,3.367,0.0000,0.0000
1788372151.053,1.000,1.000,0.0,-14.7,3.367,0.2864,0.0000
1788372151.280,1.012,1.000,0.0,-13.7,3.366,0.2864,0.0000
1788372151.495,1.069,1.000,0.0,-13.9,3.324,0.3500,0.0000
1788372151.729,1.131,1.000,0.0,-14.2,3.264,0.3500,0.0000
1788372151.960,1.192,1.000,0.0,-14.5,3.205,0.3500,0.0000
1788372152.173,1.244,1.001,0.4,-15.1,3.146,0.3500,0.0000
1788372152.395,1.306,1.003,0.6,-15.8,3.088,0.3182,0.0000
1788372152.649,1.360,1.006,1.3,-15.6,3.028,0.3500,6.0000
1788372152.864,1.419,1.009,1.6,-16.4,2.968,0.3500,6.0000
1788372153.082,1.479,1.009,1.4,-13.7,2.908,0.3500,6.0000
1788372153.319,1.540,1.010,1.3,-15.5,2.850,0.3182,0.0000
1788372153.544,1.587,1.010,1.0,-16.5,2.792,0.3500,6.0000
1788372153.762,1.646,1.011,1.0,-16.9,2.732,0.3500,6.0000
1788372153.978,1.680,1.014,1.4,-17.1,2.672,0.3500,6.0000
1788372154.216,1.731,1.015,1.4,-14.5,2.613,0.3500,6.0000
1788372154.434,1.788,1.013,1.3,-15.7,2.555,0.3182,0.0000
1788372154.649,1.847,1.013,1.2,-17.3,2.495,0.2864,0.0000
1788372154.877,1.909,1.008,1.2,-15.7,2.435,0.3500,6.0000
1788372155.115,1.971,1.008,1.2,-13.3,2.378,0.3500,6.0000
1788372155.335,2.037,1.009,1.4,-15.4,2.319,0.0318,0.0000
1788372155.551,2.099,1.011,1.4,-17.4,2.259,0.1591,0.0000
1788372155.791,2.158,0.997,0.5,-16.4,2.201,0.3500,0.0000
1788372156.006,2.209,0.996,0.4,-17.7,2.143,0.3500,6.0000
1788372156.219,2.282,0.999,0.9,-17.8,2.084,0.3500,6.0000
1788372156.453,2.348,1.001,1.1,-20.2,2.026,0.1591,0.0000
1788372156.685,2.417,0.998,0.2,-20.5,1.967,0.0955,0.0000
1788372156.902,2.481,0.996,-0.0,-21.9,1.909,0.0636,0.0000
1788372157.112,2.529,0.994,-0.6,-22.4,1.850,0.3500,6.0000
1788372157.364,2.588,0.993,-0.6,-17.1,1.793,0.0636,0.0000
1788372157.580,2.657,0.997,-0.4,-20.1,1.736,0.0318,0.0000
1788372157.789,2.718,0.997,-0.4,-21.2,1.681,0.3500,6.0000
1788372158.034,2.780,0.995,-0.2,-22.9,1.627,0.1591,0.0000
1788372158.291,2.847,0.993,-0.1,-16.7,1.576,0.2227,0.0000
1788372158.506,2.908,0.990,-1.0,-16.9,1.524,0.0636,0.0000
1788372158.715,2.969,0.988,-1.3,-18.1,1.477,0.0636,0.0000
1788372158.959,3.032,0.993,-0.8,-21.0,1.431,0.1273,0.0000
1788372159.178,3.093,0.994,-0.7,-23.0,1.389,0.3500,6.0000
1788372159.394,3.147,0.989,-0.8,-16.9,1.352,0.0955,0.0000
1788372159.627,3.207,0.988,-0.8,-18.1,1.327,0.0318,0.0000
1788372159.850,3.269,0.998,-0.6,-21.0,3.937,0.0318,0.0000
1788372160.055,3.334,1.002,-0.6,-23.5,3.878,0.3500,6.0000
1788372160.264,3.402,0.996,-0.8,-21.0,3.819,0.3500,6.0000
1788372160.501,3.464,0.993,-0.8,-22.5,3.762,0.1273,0.0000
1788372160.711,3.517,1.001,-0.5,-25.5,3.705,0.3500,6.0000
1788372160.926,3.572,1.002,-0.4,-27.6,3.650,0.3500,6.0000
1788372161.166,3.596,1.006,-2.5,-27.1,3.601,0.0000,6.0000
1788372161.405,3.596,1.006,-7.6,-18.2,2.968,0.0318,0.0000
1788372161.632,3.596,1.006,-12.7,-13.0,2.389,0.3500,0.0000
1788372161.896,3.619,1.008,-13.6,-13.5,2.109,0.3500,0.0000
1788372162.135,3.676,0.998,-13.6,-15.4,2.087,0.3500,0.0000
1788372162.352,3.720,0.977,-13.6,-12.9,2.060,0.3500,0.0000
1788372162.565,3.772,0.964,-13.6,-14.3,2.034,0.0955,0.0000
1788372162.797,3.827,0.951,-13.6,-15.7,2.007,0.3500,0.0000
1788372163.105,3.861,0.923,-14.8,-13.3,1.977,0.3500,0.0000
1788372163.337,3.919,0.907,-14.8,-6.8,1.947,0.3182,0.0000
1788372163.583,3.984,0.895,-14.7,-7.9,1.917,0.3500,0.0000
1788372163.806,4.032,0.882,-14.7,-8.1,1.888,0.3500,0.0000
1788372164.021,4.105,0.867,-15.1,-5.2,1.858,0.2864,0.0000
1788372164.253,4.162,0.851,-15.1,-1.9,1.829,0.1909,0.0000
1788372164.484,4.206,0.837,-15.7,1.3,1.800,0.0000,1.0000
1788372164.690,4.262,0.821,-15.7,4.6,1.771,0.1273,0.0000
1788372164.904,4.292,0.804,-16.1,9.2,1.742,0.0955,0.0000
1788372165.141,4.347,0.788,-16.1,12.8,1.713,0.0318,0.0000
1788372165.362,4.398,0.787,-15.3,9.7,1.685,0.0636,0.0000
1788372165.574,4.453,0.772,-15.3,14.3,1.657,0.0000,2.0000
1788372165.794,4.503,0.764,-15.3,18.2,1.629,0.0000,2.9977
1788372166.026,4.557,0.749,-15.3,28.9,1.601,0.0000,3.1193
1788372166.238,4.623,0.731,-16.3,34.0,1.573,0.0000,3.4419
1788372166.453,4.677,0.716,-16.3,38.2,1.545,0.0000,3.6288
1788372166.689,4.706,0.719,-11.7,34.6,1.586,0.0000,3.5351
1788372166.907,4.706,0.719,-6.8,29.7,1.906,0.0000,3.3207
1788372167.123,4.702,0.709,-4.3,28.3,2.409,0.0000,3.1447
1788372167.352,4.759,0.703,-3.5,32.1,2.451,0.0000,3.3054
1788372167.585,4.805,0.700,-3.5,36.5,2.396,0.0000,3.5206
1788372167.792,4.853,0.697,-3.5,42.2,2.346,0.0000,3.7729
1788372168.004,4.862,0.696,0.5,39.6,2.319,0.0000,3.7866
1788372168.242,4.857,0.695,5.7,33.9,2.321,0.0000,3.4425
1788372168.471,4.863,0.696,8.3,31.9,2.323,0.0000,3.3137
1788372168.680,4.931,0.709,8.8,40.3,2.293,0.0000,3.5819
1788372168.900,4.980,0.717,8.9,50.0,2.250,0.0000,4.0000
1788372169.131,4.988,0.719,12.8,48.2,2.219,0.0000,4.0000
1788372169.362,4.988,0.719,17.7,43.3,2.221,0.0000,3.9227
1788372169.596,5.009,0.721,22.2,44.6,2.232,0.0000,3.8473
1788372169.834,5.043,0.732,22.6,54.7,2.231,0.0000,-2.2458
1788372170.050,5.058,0.729,28.7,54.5,2.221,0.0000,0.0000
1788372170.266,5.058,0.729,38.1,45.1,2.319,0.0000,0.0000
1788372170.486,5.077,0.726,38.4,52.5,2.394,0.0000,0.0000
1788372170.710,5.073,0.726,38.1,51.0,2.394,0.0000,0.0000
1788372170.919,5.071,0.726,38.1,50.6,2.394,0.0000,0.0000
1788372171.125,5.071,0.726,38.1,50.6,2.394,0.0000,0.0000
1788372171.343,5.071,0.726,38.1,50.6,2.394,0.0000,0.0000
1788372171.561,5.074,0.728,38.1,10.5,2.394,0.2864,0.0000
1788372171.773,5.110,0.756,38.1,10.9,2.370,0.3182,0.0000
1788372171.986,5.158,0.794,38.1,12.2,2.319,0.3500,0.0000
1788372172.221,5.207,0.832,38.1,12.2,2.267,0.3500,0.0000
1788372172.436,5.255,0.870,38.1,12.8,2.216,0.2545,0.0000
1788372172.652,5.272,0.914,38.7,6.9,2.164,0.3182,0.0000
1788372172.872,5.316,0.953,38.8,7.3,2.112,0.3500,0.0000
1788372173.099,5.364,0.991,38.8,7.8,2.573,0.2864,0.0000
1788372173.320,5.420,1.021,38.0,10.6,2.512,0.3182,0.0000
1788372173.533,5.468,1.059,38.0,18.6,2.447,0.3182,0.0000
1788372173.770,5.514,1.091,38.0,20.9,2.383,0.1909,0.0000
1788372173.986,5.562,1.127,38.0,23.1,2.318,0.1591,0.0000
1788372174.203,5.610,1.165,38.0,25.3,2.258,0.3182,-6.0000
1788372174.433,5.655,1.200,38.1,27.2,2.204,0.1273,-6.0000
1788372174.671,5.703,1.238,38.1,25.0,2.150,0.0000,2.4536
1788372174.893,5.749,1.272,38.0,26.5,2.090,0.0000,-6.0000
1788372175.115,5.789,1.304,38.0,29.2,2.025,0.0000,-6.0000
1788372175.364,5.837,1.341,38.0,29.7,1.959,0.2545,-6.0000
1788372175.582,5.893,1.396,37.7,21.7,1.901,0.0000,2.7823
1788372175.796,5.942,1.434,37.7,24.6,1.848,0.0000,2.8627
1788372176.023,5.948,1.434,42.3,20.4,1.814,0.0318,0.0000
1788372176.250,5.949,1.434,47.2,15.7,1.817,0.1273,0.0000
1788372176.469,5.951,1.437,50.7,12.3,1.825,0.3182,0.0000
1788372176.686,5.982,1.471,50.2,11.5,1.803,0.0955,0.0000
1788372176.928,6.021,1.518,50.2,13.6,1.737,0.2864,0.0000
1788372177.145,6.054,1.558,50.2,15.4,1.677,0.1909,0.0000
1788372177.358,6.093,1.605,50.2,17.5,1.625,0.1273,0.0000
1788372177.587,6.147,1.658,50.3,20.7,1.562,0.1909,0.0000
1788372177.810,6.191,1.707,50.3,20.1,1.497,0.3182,-6.0000
1788372178.018,6.230,1.754,50.3,22.6,1.445,0.0000,-6.0000
1788372178.239,6.274,1.804,49.2,27.3,1.381,0.1909,-6.0000
1788372178.482,6.314,1.850,49.2,31.6,1.322,0.1909,-6.0000
1788372178.694,6.365,1.905,50.2,38.0,1.266,0.0000,3.6067
1788372178.908,6.366,1.906,54.3,34.1,1.245,0.0000,3.4706
1788372179.135,6.366,1.906,59.2,29.2,1.277,0.0000,3.2441
1788372179.365,6.360,1.915,62.5,24.8,1.381,0.0000,2.9199
1788372179.574,6.375,1.971,62.8,27.3,1.358,0.0000,3.0551
1788372179.792,6.394,2.016,62.9,32.4,1.327,0.0000,3.3354
1788372180.037,6.415,2.056,62.9,40.4,1.296,0.0000,3.6445
1788372180.251,6.429,2.085,64.3,46.9,1.266,0.0000,4.0000
1788372180.463,6.420,2.070,69.1,37.0,1.351,0.0000,3.6133
1788372180.696,6.419,2.069,74.0,31.8,1.514,0.0000,3.3760
1788372180.924,6.423,2.082,74.9,33.5,1.658,0.0000,3.3574
1788372181.147,6.441,2.104,77.0,41.5,1.638,0.0000,1.3574
1788372181.371,6.441,2.104,81.9,36.6,1.903,0.0000,-1.6426
1788372181.608,6.457,2.118,86.4,41.1,4.211,0.0000,-3.6426
1788372181.819,6.461,2.121,91.1,38.6,5.764,0.0000,-4.0000
1788372182.032,6.448,2.120,96.1,28.8,5.729,0.0000,-4.0000
1788372182.257,6.441,2.112,101.1,19.1,5.729,0.0000,-4.0000
1788372182.490,6.440,2.111,106.0,13.8,5.733,0.0000,-4.0000
1788372182.697,6.442,2.113,109.9,11.1,5.735,0.0000,-4.0000
1788372182.905,6.443,2.109,114.5,6.0,2.961,0.0000,-4.0000
1788372183.142,6.444,2.107,119.2,1.0,2.865,0.0000,-4.0000
1788372183.365,6.420,2.128,118.3,-3.1,2.843,0.0000,-4.0000
1788372183.580,6.400,2.157,118.9,-8.3,2.807,0.0000,-4.0000
1788372183.802,6.386,2.182,112.3,-8.3,2.772,0.0000,-4.0000
1788372184.030,6.386,2.182,91.7,12.3,5.627,0.0000,-4.0000
1788372184.242,6.386,2.182,71.7,32.3,4.315,0.0000,-4.0000
1788372184.456,6.377,2.165,58.0,33.7,1.464,0.0000,-4.0000
1788372184.688,6.365,2.187,50.3,25.6,1.209,0.0000,-4.0000
1788372184.912,6.364,2.187,44.6,28.6,1.109,0.0000,-3.9917
1788372185.122,6.360,2.174,39.8,33.4,1.067,0.0000,-3.8052
1788372185.340,6.360,2.185,34.9,34.2,1.067,0.0000,-3.5771
1788372185.579,6.353,2.181,30.7,33.3,1.067,0.0000,-3.3216
1788372185.792,6.364,2.192,24.7,47.3,1.066,0.0000,-3.0022
1788372186.001,6.366,2.193,19.4,54.1,1.064,0.0000,-2.7173
1788372186.230,6.361,2.186,14.4,55.8,1.057,0.0000,0.0000
1788372186.451,6.357,2.193,9.9,50.4,1.051,0.0000,0.0000
1788372186.661,6.355,2.196,8.8,45.5,1.047,0.0000,0.0000
1788372186.869,6.358,2.205,9.2,41.4,1.047,0.0000,0.0000
1788372187.094,6.358,2.205,9.2,41.4,1.047,0.0000,0.0000
1788372187.301,6.358,2.205,9.2,41.4,1.047,0.0000,0.0000
1788372187.504,6.358,2.205,9.2,41.4,1.047,0.0000,0.0000
1788372187.727,6.361,2.205,9.2,-1.5,1.047,0.3500,0.0000
1788372187.963,6.398,2.211,9.2,-1.6,1.027,0.3500,0.0000
1788372188.176,6.438,2.218,9.2,-2.5,1.011,0.3500,0.0000
1788372188.387,6.472,2.223,9.2,-3.4,0.996,0.3182,0.0000
1788372188.625,6.512,2.230,9.2,-4.2,0.981,0.2545,0.0000
1788372188.840,6.513,2.230,3.5,-4.1,1.102,0.3182,0.0000
1788372189.049,6.497,2.241,0.1,-1.8,4.962,0.3500,0.0000
1788372189.267,6.504,2.241,0.1,-1.9,4.962,0.3500,0.0000
1788372189.502,6.544,2.261,0.6,-4.9,4.933,0.3500,0.0000
1788372189.720,6.589,2.262,0.6,1.0,4.888,0.3500,0.0000
1788372189.931,6.634,2.262,0.6,0.9,4.843,0.3500,0.0000
1788372190.166,6.671,2.262,0.6,0.8,4.799,0.3182,0.0000
1788372190.390,6.724,2.272,0.8,-0.8,4.754,0.2864,0.0000
1788372190.601,6.773,2.277,0.9,-1.8,4.710,0.2227,0.0000
1788372190.834,6.818,2.277,0.9,-2.4,4.667,0.1909,0.0000
1788372191.066,6.856,2.272,0.8,-2.0,4.623,0.1591,0.0000
1788372191.285,6.901,2.272,0.8,-2.4,4.579,0.1273,0.0000
1788372191.579,6.945,2.280,0.2,-2.9,4.535,0.0955,0.0000
1788372191.858,6.989,2.281,0.1,-4.1,4.492,0.0636,0.0000
1788372192.080,7.034,2.281,0.1,-4.4,4.449,0.0000,6.0000
1788372192.298,7.066,2.280,0.1,-4.5,4.406,0.3500,-6.0000
1788372192.533,7.111,2.281,0.1,-4.8,4.363,0.2545,-6.0000
1788372192.750,7.168,2.286,-0.1,-5.2,4.320,0.0636,-6.0000
1788372192.967,7.217,2.288,-0.1,-5.7,4.276,0.0636,-6.0000
1788372193.208,7.262,2.288,-0.1,-6.1,4.231,0.0636,-6.0000
1788372193.447,7.287,2.281,-0.7,-5.0,4.187,0.0955,-6.0000
1788372193.667,7.332,2.280,-0.7,-5.3,4.143,0.1909,-6.0000
1788372193.883,7.366,2.282,-0.9,-5.5,4.099,0.2545,-6.0000
1788372194.134,7.403,2.282,-0.9,-5.3,4.055,0.1273,-6.0000
1788372194.380,7.447,2.281,-0.9,-5.8,4.012,0.3500,-6.0000
1788372194.605,7.467,2.306,0.0,-9.0,3.968,0.1591,-6.0000
1788372194.864,7.512,2.306,0.0,-9.0,3.925,0.1591,-6.0000
1788372195.097,7.541,2.330,0.9,-18.6,3.883,0.1591,-6.0000
1788372195.334,7.583,2.336,1.1,-19.2,3.840,0.3500,0.0000
1788372195.553,7.627,2.337,1.1,-19.1,3.795,0.3500,0.0000
1788372195.794,7.671,2.339,1.7,-19.7,3.751,0.3500,0.0000
1788372196.017,7.716,2.340,1.7,-14.4,3.707,0.3500,0.0000
1788372196.236,7.750,2.339,1.4,-14.9,3.663,0.3500,0.0000
1788372196.491,7.793,2.339,1.3,-14.6,3.619,0.3182,0.0000
1788372196.711,7.838,2.340,1.3,-13.3,3.576,0.2864,0.0000
1788372196.924,7.874,2.353,1.2,-15.7,3.533,0.3500,0.0000
1788372197.154,7.919,2.354,1.2,-5.7,3.490,0.3500,0.0000
1788372197.391,7.968,2.356,0.8,-6.1,3.447,0.3500,0.0000
1788372197.610,8.013,2.357,0.7,-4.8,3.403,0.3500,0.0000
1788372197.834,8.058,2.358,0.7,-2.3,3.359,0.3500,0.0000
1788372198.086,8.075,2.353,0.4,-2.9,3.315,0.3182,0.0000
1788372198.306,8.120,2.353,0.4,-2.8,3.272,0.3182,0.0000
1788372198.521,8.153,2.352,0.4,-2.4,3.228,0.3500,0.0000
1788372198.763,8.193,2.351,0.4,-2.6,3.185,0.3500,0.0000
1788372198.996,8.217,2.352,0.4,-2.4,3.143,0.3500,0.0000
1788372199.213,8.201,2.345,0.6,2.7,3.143,0.3500,0.0000
1788372199.430,8.201,2.345,0.6,2.7,3.143,0.3500,0.0000
1788372199.677,8.221,2.345,0.6,2.8,3.139,0.3500,0.0000
1788372199.899,8.281,2.346,0.6,2.8,3.093,0.3500,0.0000
1788372200.138,8.332,2.346,0.6,-2.0,3.033,0.3500,0.0000
1788372200.403,8.392,2.335,-0.2,0.3,2.973,0.3500,0.0000
1788372200.639,8.452,2.330,-0.5,1.3,2.915,0.3500,0.0000
1788372200.853,8.504,2.334,0.1,0.5,2.857,0.3500,0.0000
1788372201.087,8.563,2.335,0.2,-0.1,2.797,0.3500,0.0000
1788372201.327,8.610,2.337,0.7,-0.7,2.737,0.3500,0.0000
1788372201.540,8.670,2.338,0.8,-0.8,2.679,0.3500,0.0000
1788372201.759,8.743,2.344,0.4,-1.0,2.621,0.3500,0.0000
1788372201.993,8.795,2.344,0.4,-0.9,2.561,0.3500,0.0000
1788372202.224,8.840,2.346,0.5,-1.5,2.502,0.3500,0.0000
1788372202.477,8.895,2.347,0.6,-1.6,2.445,0.3500,0.0000
1788372202.727,8.952,2.352,1.3,-2.4,2.385,0.3500,0.0000
1788372202.945,9.012,2.355,1.5,-2.8,2.327,0.3500,0.0000
1788372203.159,9.060,2.351,1.0,1.7,2.269,0.3500,0.0000
1788372203.381,9.119,2.351,0.9,1.8,2.209,0.3500,0.0000
1788372203.619,9.183,2.349,0.6,2.4,2.152,0.3500,0.0000
1788372203.840,9.244,2.349,0.6,2.5,2.093,0.3500,0.0000
1788372204.057,9.285,2.345,0.5,3.0,2.036,0.3500,0.0000
1788372204.310,9.342,2.343,0.5,-0.6,1.978,0.3500,0.0000
1788372204.526,9.405,2.345,0.5,-0.5,1.923,0.3182,0.0000
1788372204.744,9.467,2.346,0.5,-0.4,1.869,0.2864,0.0000
1788372204.973,9.536,2.346,0.5,-0.2,1.817,0.3500,0.0000
1788372205.194,9.598,2.346,0.5,-0.6,1.766,0.3500,0.0000
1788372205.417,9.640,2.355,0.5,-1.4,1.717,0.3500,0.0000
1788372205.632,9.699,2.356,0.5,-1.1,1.670,0.3500,0.0000
1788372205.865,9.742,2.355,0.6,-1.0,1.628,0.3500,0.0000
1788372206.083,9.800,2.354,0.6,-0.5,1.589,0.3500,0.0000
1788372206.298,9.870,2.356,0.5,1.7,1.559,0.3500,0.0000
1788372206.528,9.934,2.357,0.4,1.7,3.977,0.3500,0.0000
1788372206.752,9.992,2.362,0.3,1.2,3.917,0.3500,0.0000
1788372206.969,10.052,2.363,0.3,1.0,3.857,0.3500,0.0000
1788372207.187,10.114,2.364,0.6,0.7,3.797,0.3500,0.0000
1788372207.431,10.175,2.364,0.6,0.6,3.737,0.3182,0.0000
1788372207.640,10.228,2.376,1.2,-1.3,3.678,0.2545,0.0000
1788372207.856,10.278,2.377,1.2,-1.4,3.619,0.2227,0.0000
1788372208.072,10.334,2.377,0.9,-1.1,3.561,0.1909,0.0000
1788372208.303,10.390,2.377,0.7,-1.0,3.504,0.1273,0.0000
1788372208.516,10.478,2.377,0.8,-1.0,3.448,0.0955,0.0000
1788372208.728,10.541,2.377,0.8,-1.2,3.393,0.2545,0.0000
1788372208.974,10.602,2.385,1.3,-3.4,3.341,0.2227,0.0000
1788372209.193,10.648,2.387,1.3,-4.4,3.296,0.1909,0.0000
1788372209.405,10.704,2.390,1.1,-6.1,3.252,0.1591,0.0000
1788372209.629,10.742,2.391,1.1,-7.8,3.208,0.0000,0.0000
1788372209.855,10.786,2.392,1.1,-11.7,3.164,0.0000,0.0000
1788372210.064,10.823,2.383,1.3,-10.4,3.120,0.0000,0.0000
1788372210.272,10.823,2.383,1.3,-10.4,3.107,0.0000,0.0000
1788372210.493,10.828,2.384,1.4,-11.7,3.107,0.0000,0.0000
1788372210.704,10.829,2.384,1.4,-12.0,3.107,0.0000,0.0000
1788372210.918,10.829,2.384,1.4,-12.0,3.107,0.0000,0.0000
1788372211.151,10.829,2.384,1.4,-12.0,3.107,0.0000,0.0000
1788372211.396,10.829,2.384,7.9,55.5,3.107,0.0000,2.0000
1788372211.613,10.829,2.384,14.8,48.6,3.112,0.0000,4.0000
1788372211.828,10.829,2.384,20.4,43.0,3.119,0.0000,3.8941
1788372212.063,10.812,2.387,25.5,36.1,3.146,0.0000,3.6554
1788372212.285,10.819,2.387,31.1,31.2,2.947,0.0000,3.4320
1788372212.504,10.830,2.392,35.6,27.5,2.699,0.0000,3.1169
1788372212.725,10.832,2.393,40.4,22.8,2.505,0.0000,2.8735
1788372212.959,10.826,2.400,45.7,16.5,2.353,0.0955,0.0000
1788372213.175,10.808,2.395,51.0,9.8,2.234,0.3500,0.0000
1788372213.394,10.807,2.395,55.1,5.6,2.140,0.3500,0.0000
1788372213.623,10.835,2.391,59.4,4.3,2.146,0.3500,0.0000
1788372213.846,10.838,2.408,58.6,4.5,2.133,0.3500,0.0000
1788372214.060,10.865,2.457,58.3,5.1,2.081,0.3500,0.0000
1788372214.284,10.900,2.512,57.3,9.3,2.026,0.3500,0.0000
1788372214.521,10.933,2.563,57.3,10.1,1.957,0.3500,0.0000
1788372214.732,10.968,2.615,57.4,11.1,1.901,0.2864,0.0000
1788372214.952,11.001,2.666,57.4,11.4,1.845,0.2545,0.0000
1788372215.186,11.034,2.724,58.6,10.9,1.781,0.3500,0.0000
1788372215.413,11.061,2.767,58.6,6.3,1.723,0.3500,0.0000
1788372215.626,11.085,2.824,58.6,5.9,1.668,0.3500,0.0000
1788372215.840,11.114,2.879,58.6,6.0,1.603,0.3500,0.0000
1788372216.077,11.145,2.912,58.1,8.0,1.548,0.3182,0.0000
1788372216.295,11.177,2.960,58.0,11.0,1.484,0.2227,0.0000
1788372216.512,11.207,3.011,57.4,12.7,1.430,0.1273,0.0000
1788372216.748,11.240,3.063,57.3,14.5,1.367,0.0636,0.0000
1788372216.971,11.277,3.121,57.0,17.5,1.313,0.0636,0.0000
1788372217.182,11.302,3.161,57.0,20.0,1.254,0.0000,-6.0000
1788372217.404,11.332,3.191,56.7,24.6,1.204,0.0636,0.0000
1788372217.630,11.358,3.225,56.6,29.5,1.164,0.0000,3.0000
1788372217.842,11.383,3.262,56.6,35.5,1.119,0.0000,3.4572
1788372218.058,11.399,3.313,58.7,39.8,1.080,0.0000,3.7754
1788372218.295,11.399,3.313,63.7,34.9,1.070,0.0000,3.5845
1788372218.519,11.399,3.313,68.6,30.0,1.073,0.0000,3.2708
1788372218.728,11.406,3.332,69.5,32.8,1.073,0.0000,3.2916
1788372218.944,11.406,3.353,72.8,31.4,1.043,0.0000,0.0000
1788372219.181,11.406,3.353,76.9,27.3,1.045,0.0000,0.0000
1788372219.394,11.397,3.352,80.0,20.3,1.048,0.0000,0.0000
1788372219.599,11.394,3.352,80.2,18.4,1.048,0.0000,0.0000
1788372219.823,11.399,3.365,80.4,21.7,1.048,0.0000,0.0000
1788372220.036,11.399,3.365,80.4,21.7,1.048,0.0000,0.0000
1788372220.240,11.399,3.365,80.4,21.7,1.048,0.0000,0.0000
1788372220.447,11.399,3.365,80.4,89.3,1.048,0.0000,0.0000
1788372220.684,11.400,3.378,84.0,87.1,1.048,0.0000,2.0000
1788372220.897,11.403,3.412,84.0,90.8,1.016,0.0000,4.0000
1788372221.112,11.408,3.452,84.0,95.3,0.975,0.0000,4.0000
1788372221.338,11.412,3.493,84.0,99.7,0.938,0.0000,4.0000
1788372221.571,11.416,3.534,84.0,82.7,0.896,0.0000,4.0000
1788372221.775,11.434,3.578,83.3,88.9,0.858,0.0000,4.0000
1788372221.983,11.441,3.619,83.1,93.8,0.821,0.0000,4.0000
1788372222.221,11.442,3.629,87.5,90.5,0.791,0.0000,4.0000
1788372222.438,11.439,3.622,88.0,89.2,0.917,0.0000,4.0000
1788372222.646,11.438,3.581,88.0,84.3,0.918,0.0000,4.0000
1788372222.864,11.436,3.538,88.0,79.7,0.926,0.0000,4.0000
1788372223.097,11.435,3.487,88.0,74.3,0.934,0.0000,4.0000
1788372223.317,11.433,3.436,88.0,69.2,0.948,0.0000,4.0000
1788372223.526,11.431,3.385,88.0,83.8,0.997,0.0000,4.0000
1788372223.753,11.441,3.345,87.0,80.5,1.047,0.0000,4.0000
1788372223.987,11.438,3.298,87.0,75.5,1.095,0.0000,4.0000
1788372224.198,11.445,3.304,86.8,76.6,1.122,0.0000,4.0000
1788372224.414,11.448,3.344,86.8,80.9,1.092,0.0000,4.0000
1788372224.653,11.450,3.378,86.8,84.6,1.055,0.0000,4.0000
1788372224.867,11.452,3.419,86.8,89.0,1.013,0.0000,4.0000
1788372225.081,11.454,3.460,86.8,93.5,0.976,0.0000,4.0000
1788372225.313,11.456,3.500,86.8,97.9,0.939,0.0000,4.0000
1788372225.531,11.459,3.541,86.8,102.3,0.933,0.0000,4.0000
1788372225.746,11.455,3.585,87.1,84.7,0.927,0.0000,4.0000
1788372225.954,11.457,3.626,87.2,89.2,0.921,0.0000,4.0000
1788372226.191,11.457,3.634,87.2,90.1,0.917,0.0000,4.0000
1788372226.409,11.445,3.591,87.4,85.0,0.919,0.0000,4.0000
1788372226.620,11.443,3.549,87.4,78.9,0.926,0.0000,4.0000
1788372226.846,11.440,3.498,87.4,73.7,0.934,0.0000,4.0000
1788372227.078,11.438,3.447,87.4,68.7,0.950,0.0000,4.0000
1788372227.318,11.436,3.396,87.4,64.0,0.998,0.0000,4.0000
1788372227.652,11.439,3.359,86.6,6.7,1.050,0.0000,4.0000
1788372227.893,11.436,3.311,86.6,6.2,1.097,0.1909,0.0000
1788372228.105,11.439,3.313,86.8,6.2,1.127,0.3500,0.0000
1788372228.322,11.442,3.353,86.9,6.7,1.099,0.3500,0.0000
1788372228.562,11.444,3.387,86.9,7.1,1.061,0.3500,0.0000
1788372228.778,11.446,3.428,86.9,75.7,1.020,0.0000,2.0000
1788372228.983,11.448,3.469,86.9,80.2,0.983,0.0000,4.0000
1788372229.210,11.450,3.509,86.9,84.7,0.941,0.0000,4.0000
1788372229.440,11.452,3.550,86.9,89.4,0.934,0.0000,4.0000
1788372229.652,11.454,3.600,87.3,84.6,0.928,0.0000,0.0000
1788372229.861,11.455,3.630,87.3,87.8,0.922,0.0000,3.0000
1788372230.101,11.454,3.616,87.3,86.3,0.921,0.0000,4.0000
1788372230.317,11.455,3.578,88.0,80.6,0.926,0.0000,4.0000
1788372230.531,11.453,3.536,88.0,75.8,0.934,0.0000,4.0000
1788372230.756,11.451,3.485,88.0,7.0,0.949,0.0000,4.0000
1788372230.984,11.450,3.434,88.0,6.4,0.997,0.2227,0.0000
1788372231.195,11.442,3.404,88.2,5.3,1.049,0.3500,0.0000
1788372231.411,11.440,3.353,88.2,4.9,1.096,0.3182,0.0000
1788372231.646,11.439,3.265,88.5,4.1,1.143,0.3500,0.0000
1788372231.864,11.439,3.258,88.5,4.6,1.172,0.3500,0.0000
1788372232.074,11.440,3.298,88.5,5.0,1.143,0.3500,0.0000
1788372232.301,11.455,3.352,87.9,7.2,1.106,0.3182,0.0000
1788372232.525,11.456,3.393,87.9,7.9,1.065,0.3500,0.0000
1788372232.738,11.458,3.434,87.9,74.0,1.028,0.3182,0.0000
1788372232.957,11.461,3.479,88.2,78.6,0.991,0.0000,2.0000
1788372233.203,11.463,3.522,88.3,83.1,0.949,0.0000,4.0000
1788372233.424,11.464,3.563,88.3,87.6,0.935,0.0000,4.0000
1788372233.640,11.474,3.599,88.4,91.6,0.929,0.0000,4.0000
1788372233.868,11.476,3.640,88.5,90.4,0.923,0.0000,4.0000
1788372234.094,11.476,3.648,88.5,91.4,0.919,0.0000,4.0000
1788372234.305,11.474,3.643,88.5,90.6,0.919,0.0000,4.0000
1788372234.512,11.473,3.640,88.6,90.3,0.919,0.0000,4.0000
1788372234.751,11.473,3.640,88.6,90.3,0.919,0.0000,4.0000
1788372234.995,11.473,3.640,104.7,-5.2,1.211,0.3182,0.0000
1788372235.209,11.473,3.640,116.0,-16.6,0.887,0.3500,6.0000
1788372235.439,11.470,3.629,123.4,-24.5,0.892,0.3500,6.0000
1788372235.670,11.463,3.619,127.6,-29.5,0.893,0.1909,6.0000
1788372235.888,11.464,3.643,132.9,46.3,0.894,0.3182,6.0000
1788372236.103,11.463,3.643,137.1,42.1,0.904,0.0000,3.8760
1788372236.338,11.462,3.642,142.1,37.0,0.959,0.0000,3.5638
1788372236.558,11.469,3.642,146.5,32.5,1.027,0.0000,3.3731
1788372236.775,11.456,3.649,151.6,28.2,1.113,0.0000,3.1350
1788372236.997,11.452,3.651,156.6,19.2,1.224,0.0000,2.8311
1788372237.229,11.451,3.646,160.0,15.2,1.367,0.1909,0.0000
1788372237.448,11.448,3.640,150.9,23.9,1.241,0.0636,0.0000
1788372237.659,11.448,3.639,141.4,33.3,1.062,0.0000,-6.0000
1788372237.912,11.448,3.639,131.8,47.0,0.950,0.0000,-6.0000
1788372238.125,11.452,3.639,123.7,55.1,0.914,0.0000,4.0000
1788372238.341,11.447,3.633,114.3,63.8,0.910,0.0000,4.0000
1788372238.564,11.439,3.628,107.5,70.1,0.906,0.0000,4.0000
1788372238.795,11.434,3.621,100.9,75.8,0.902,0.0000,4.0000
1788372239.016,11.429,3.617,95.3,80.9,0.997,0.0000,4.0000
1788372239.226,11.425,3.617,91.8,84.4,1.325,0.0000,4.0000
1788372239.463,11.419,3.616,91.9,84.2,1.382,0.0000,4.0000
1788372239.679,11.411,3.657,92.0,88.8,1.382,0.0000,4.0000
1788372239.895,11.409,3.695,92.0,93.3,1.382,0.0000,4.0000
1788372240.124,11.407,3.740,92.0,91.1,3.822,0.0000,4.0000
1788372240.362,11.406,3.784,92.0,96.4,3.778,0.0000,4.0000
1788372240.567,11.403,3.832,92.0,102.0,3.734,0.0000,4.0000
1788372240.780,11.401,3.878,92.0,107.1,3.692,0.0000,4.0000
1788372241.009,11.400,3.923,92.0,113.3,3.650,0.0000,4.0000
1788372241.227,11.395,3.971,91.7,118.9,3.608,0.0000,4.0000
1788372241.449,11.393,4.016,91.7,123.4,3.564,0.0000,4.0000
1788372241.661,11.376,4.065,91.1,129.4,3.520,0.0000,4.0000
1788372241.895,11.375,4.102,91.1,132.5,3.477,0.0000,4.0000
1788372242.113,11.374,4.147,91.1,135.8,3.434,0.0000,4.0000
1788372242.329,11.373,4.181,90.8,138.7,3.392,0.0000,4.0000
1788372242.566,11.372,4.226,90.8,141.7,3.350,0.0000,4.0000
1788372242.779,11.361,4.265,91.3,144.3,3.306,0.0318,-6.0000
1788372242.997,11.358,4.309,91.4,146.7,3.262,0.0636,6.0000
1788372243.219,11.357,4.354,91.4,169.8,3.220,0.0000,5.0000
1788372243.458,11.355,4.396,91.6,170.4,3.178,0.0000,0.0000
1788372243.668,11.354,4.433,91.6,171.0,3.136,0.0000,0.0000
1788372243.883,11.355,4.466,91.6,171.3,3.092,0.0000,0.0000
1788372244.115,11.355,4.506,91.6,-179.4,3.049,0.0318,0.0000
1788372244.335,11.354,4.551,91.6,-179.5,3.007,0.0318,0.0000
1788372244.544,11.355,4.585,90.4,-178.6,2.965,0.0000,-6.0000
1788372244.766,11.355,4.630,90.4,-178.7,2.925,0.0000,-6.0000
1788372245.013,11.360,4.670,90.7,-179.5,2.885,0.0636,6.0000
1788372245.230,11.360,4.714,90.8,-179.6,2.845,0.0000,-6.0000
1788372245.441,11.359,4.759,90.8,-179.6,2.807,0.0000,-6.0000
1788372245.673,11.365,4.770,90.7,180.0,2.770,0.0318,-6.0000
1788372245.894,11.364,4.815,90.7,180.0,2.733,0.0000,-6.0000
1788372246.104,11.363,4.851,90.8,-2.2,2.698,0.3500,0.0000
1788372246.326,11.362,4.893,90.9,-2.4,2.664,0.2864,0.0000
1788372246.555,11.361,4.938,90.9,-2.5,2.632,0.2545,0.0000
1788372246.775,11.362,4.970,90.7,-2.2,2.601,0.2227,0.0000
1788372246.984,11.361,5.015,90.7,-3.6,2.575,0.0000,0.0000
1788372247.217,11.370,5.038,89.6,-1.6,2.552,0.0000,0.0000
1788372247.441,11.371,5.074,89.6,-2.8,2.542,0.0000,0.0000
1788372247.651,11.371,5.119,89.6,-4.1,3.912,0.0000,0.0000
1788372247.867,11.365,5.172,89.7,-6.4,3.868,0.0000,0.0000
1788372248.106,11.365,5.217,89.7,-7.7,3.824,0.0000,0.0000
1788372248.326,11.361,5.263,90.1,-9.9,3.780,0.0000,0.0000
1788372248.543,11.359,5.308,90.2,-11.4,3.736,0.0000,0.0000
1788372248.765,11.359,5.318,90.2,-11.7,3.704,0.0000,0.0000
1788372248.980,11.355,5.314,89.8,-11.6,3.704,0.0000,0.0000
1788372249.184,11.355,5.314,91.8,-13.7,3.704,0.0000,0.0000
1788372249.397,11.355,5.314,105.2,-27.0,3.709,0.0000,0.0000
1788372249.630,11.355,5.314,116.4,-38.2,3.748,0.0000,0.0000
1788372249.851,11.362,5.310,122.9,-43.9,3.870,0.0000,0.0000
1788372250.063,11.359,5.300,128.3,-49.4,3.844,0.0000,0.0000
1788372250.293,11.366,5.295,133.3,-53.1,3.865,0.0000,0.0000
1788372250.523,11.369,5.275,138.2,-57.3,3.333,0.0000,0.0000
1788372250.737,11.372,5.285,142.7,-61.6,3.189,0.0000,0.0000
1788372250.953,11.372,5.286,147.5,-66.5,3.078,0.0000,0.0000
1788372251.188,11.370,5.281,152.0,-71.2,2.996,0.0000,0.0000
1788372251.407,11.374,5.275,156.1,-74.7,2.938,0.0000,0.0000
1788372251.618,11.375,5.272,160.7,-79.0,2.903,0.0000,0.0000
1788372251.838,11.370,5.273,165.5,-84.5,2.894,0.0000,0.0000
1788372252.064,11.368,5.268,148.9,-68.0,2.895,0.0000,0.0000
1788372252.279,11.368,5.267,132.1,-51.2,3.143,0.0000,0.0000
1788372252.497,11.362,5.269,121.7,-41.5,3.853,0.0000,0.0000
1788372252.750,11.369,5.273,116.5,-41.2,3.918,0.0000,0.0000
1788372252.981,11.371,5.264,112.8,-36.9,3.826,0.0000,-2.0000
1788372253.207,11.374,5.251,108.4,-31.9,3.782,0.0000,-3.1463
1788372253.429,11.362,5.259,103.0,-28.0,3.767,0.0000,-2.8996
1788372253.653,11.358,5.259,97.4,-22.8,3.766,0.0318,0.0000
1788372253.867,11.357,5.259,92.0,-17.6,3.765,0.0955,0.0000
1788372254.084,11.355,5.274,86.7,-12.8,3.762,0.2227,0.0000
1788372254.323,11.344,5.272,80.9,-8.1,2.273,0.3500,0.0000
1788372254.547,11.343,5.272,75.6,-3.0,2.261,0.3500,0.0000
1788372254.757,11.341,5.287,74.0,-2.1,2.258,0.3500,0.0000
1788372254.983,11.353,5.332,74.7,-4.1,2.211,0.3182,0.0000
1788372255.214,11.367,5.389,75.1,-4.6,2.151,0.2864,0.0000
1788372255.434,11.383,5.448,75.1,-4.6,2.091,0.3500,0.0000
1788372255.651,11.393,5.500,75.0,-4.8,2.033,0.3500,0.0000
1788372255.891,11.407,5.557,75.0,-1.8,1.974,0.3500,0.0000
1788372256.101,11.413,5.625,76.1,-4.0,1.913,0.3182,0.0000
1788372256.318,11.426,5.685,76.3,-3.2,1.855,0.2864,0.0000
1788372256.542,11.435,5.746,75.8,-2.1,1.796,0.3500,0.0000
1788372256.769,11.450,5.806,75.8,0.7,1.736,0.3182,0.0000
1788372256.984,11.461,5.850,75.7,0.8,1.677,0.2864,0.0000
1788372257.196,11.475,5.907,75.6,3.4,1.618,0.2227,0.0000
1788372257.445,11.486,5.959,75.5,4.7,1.559,0.1909,0.0000
1788372257.659,11.500,6.016,75.5,6.1,1.500,0.3500,0.0000
1788372257.869,11.516,6.069,75.7,9.4,1.442,0.2864,0.0000
1788372258.094,11.531,6.127,75.8,10.6,1.383,0.0318,0.0000
1788372258.323,11.538,6.177,76.3,10.5,1.325,0.2227,0.0000
1788372258.530,11.551,6.235,76.4,11.7,1.266,0.1591,0.0000
1788372258.745,11.565,6.280,76.1,13.2,1.208,0.1273,0.0000
1788372258.979,11.581,6.337,75.9,14.8,1.150,0.0636,0.0000
1788372259.195,11.590,6.384,76.1,15.7,1.093,0.0000,-6.0000
1788372259.411,11.602,6.438,76.1,17.4,1.039,0.0318,-6.0000
1788372259.629,11.629,6.493,75.1,22.9,0.987,0.0000,-6.0000
1788372259.859,11.646,6.547,74.9,27.3,0.938,0.0000,-6.0000
1788372260.074,11.658,6.599,74.8,31.9,0.893,0.0000,3.3150
1788372260.282,11.668,6.639,75.3,36.2,0.855,0.0000,3.4408
1788372260.520,11.671,6.633,79.9,31.7,0.872,0.0000,3.3874
1788372260.738,11.671,6.633,84.0,27.7,2.322,0.0000,3.1850
1788372260.949,11.671,6.636,87.5,24.4,2.325,0.0000,2.9237
1788372261.170,11.682,6.676,86.7,31.6,2.300,0.0000,3.0398
1788372261.409,11.687,6.721,86.4,39.6,2.256,0.0000,3.6476
1788372261.617,11.689,6.759,87.2,47.4,2.212,0.0000,4.0000
1788372261.828,11.689,6.759,92.1,42.5,2.198,0.0000,3.9238
1788372262.059,11.690,6.754,96.7,36.7,2.200,0.0000,3.5825
1788372262.285,11.690,6.755,100.2,33.5,2.203,0.0000,3.4796
1788372262.496,11.678,6.788,101.0,38.8,2.185,0.0000,0.0000
1788372262.708,11.682,6.787,105.7,34.8,2.174,0.0000,0.0000
1788372262.939,11.683,6.787,108.4,32.4,2.185,0.0000,0.0000
1788372263.146,11.683,6.787,108.4,32.4,2.185,0.0000,0.0000
1788372263.353,11.679,6.779,109.0,28.2,2.185,0.0000,0.0000
1788372263.569,11.679,6.779,109.0,28.2,2.185,0.0000,0.0000
1788372263.791,11.679,6.779,109.0,28.2,2.185,0.0000,0.0000
1788372264.002,11.679,6.779,109.0,97.7,2.185,0.0000,0.0000
1788372264.220,11.679,6.779,125.0,81.7,2.213,0.0000,2.0000
1788372264.456,11.679,6.779,139.5,67.2,2.494,0.0000,4.0000
1788372264.670,11.680,6.791,151.3,56.6,2.973,0.0000,4.0000
1788372264.887,11.676,6.797,157.8,50.9,3.323,0.0000,4.0000
1788372265.109,11.675,6.790,162.5,45.6,3.160,0.0000,4.0000
1788372265.345,11.683,6.779,166.9,39.6,3.156,0.0000,3.7380
1788372265.555,11.685,6.779,172.3,34.2,3.157,0.0000,3.4979
1788372265.766,11.685,6.780,177.3,29.2,3.158,0.0000,3.2492
1788372266.006,11.687,6.772,-176.7,22.4,3.161,0.0000,2.9277
1788372266.223,11.684,6.770,-172.4,18.0,3.164,0.0318,0.0000
1788372266.442,11.682,6.768,-167.4,12.9,3.168,0.1273,0.0000
1788372266.662,11.673,6.775,-163.1,9.8,3.173,0.1909,0.0000
1788372266.897,11.679,6.769,-158.3,4.1,3.196,0.3500,0.0000
1788372267.111,11.662,6.759,-157.3,2.9,3.218,0.3500,0.0000
1788372267.327,11.624,6.748,-156.1,2.5,3.173,0.3500,0.0000
1788372267.552,11.568,6.723,-156.1,2.8,3.117,0.3500,0.0000
1788372267.776,11.512,6.698,-156.1,3.1,3.061,0.3500,0.0000
1788372267.992,11.456,6.674,-156.1,3.4,3.006,0.2864,0.0000
1788372268.209,11.408,6.654,-156.8,2.0,2.950,0.3182,0.0000
1788372268.450,11.351,6.630,-156.8,2.5,2.895,0.3500,0.0000
1788372268.667,11.300,6.607,-156.8,2.9,2.839,0.3500,0.0000
1788372268.879,11.243,6.583,-156.8,3.2,2.783,0.3500,0.0000
1788372269.133,11.180,6.553,-156.7,0.7,2.728,0.3500,0.0000
1788372269.366,11.124,6.528,-156.7,1.0,2.672,0.2864,0.0000
1788372269.583,11.052,6.494,-156.2,0.8,2.616,0.3500,0.0000
1788372269.812,10.996,6.469,-156.2,1.1,2.561,0.3182,0.0000
1788372270.047,10.946,6.448,-156.9,2.3,2.505,0.3500,0.0000
1788372270.267,10.889,6.424,-156.9,5.2,2.449,0.3500,0.0000
1788372270.482,10.834,6.389,-157.3,4.9,2.394,0.3182,0.0000
1788372270.720,10.778,6.366,-157.3,5.3,2.338,0.3182,0.0000
1788372270.936,10.705,6.328,-156.9,4.7,2.282,0.2864,0.0000
1788372271.152,10.649,6.304,-156.9,5.1,2.227,0.2227,0.0000
1788372271.378,10.594,6.292,-157.4,2.2,2.171,0.3500,0.0000
1788372271.603,10.537,6.269,-157.4,2.6,2.115,0.2864,0.0000
1788372271.818,10.469,6.243,-157.2,3.4,2.060,0.2864,0.0000
1788372272.032,10.422,6.223,-157.2,3.7,2.004,0.3500,0.0000
1788372272.267,10.338,6.181,-156.1,2.5,1.948,0.3182,0.0000
1788372272.489,10.282,6.156,-156.1,2.8,1.893,0.3500,0.0000
1788372272.701,10.236,6.139,-157.5,4.9,1.837,0.3182,0.0000
1788372272.925,10.180,6.115,-157.5,5.4,1.781,0.3500,0.0000
1788372273.158,10.117,6.084,-156.3,4.1,1.726,0.3500,0.0000
1788372273.372,10.061,6.060,-156.3,2.0,1.670,0.3182,0.0000
1788372273.585,9.996,6.040,-156.9,3.8,1.614,0.3500,0.0000
1788372273.825,9.949,6.020,-156.9,4.1,1.559,0.2545,0.0000
1788372274.043,9.895,5.992,-157.1,6.7,1.503,0.2227,0.0000
1788372274.258,9.839,5.968,-157.1,9.2,1.447,0.1591,0.0000
1788372274.490,9.782,5.944,-157.1,12.1,1.392,0.2227,0.0000
1788372274.721,9.726,5.921,-157.1,13.6,1.336,0.1591,0.0000
1788372274.944,9.669,5.889,-156.6,16.0,1.280,0.0318,0.0000
1788372275.154,9.613,5.865,-156.6,17.9,1.225,0.0636,0.0000
1788372275.472,9.548,5.843,-156.7,21.3,1.169,0.0000,2.0000
1788372275.686,9.548,5.843,-151.8,16.4,1.156,0.0000,2.8529
1788372275.902,9.543,5.843,-147.7,12.7,1.183,0.1591,0.0000
1788372276.128,9.538,5.839,-145.0,10.1,2.471,0.3500,0.0000
1788372276.359,9.504,5.809,-144.8,6.6,2.434,0.3500,0.0000
1788372276.573,9.459,5.775,-144.7,7.1,2.370,0.3182,0.0000
1788372276.791,9.411,5.741,-144.7,11.5,2.306,0.1909,0.0000
1788372277.024,9.364,5.708,-144.7,12.8,2.249,0.1273,0.0000
1788372277.239,9.311,5.668,-145.6,16.8,2.201,0.0955,0.0000
1788372277.462,9.264,5.636,-145.7,23.5,2.153,0.1273,-6.0000
1788372277.693,9.227,5.610,-145.7,25.9,2.093,0.2227,-6.0000
1788372277.918,9.215,5.603,-141.7,22.7,2.062,0.1273,0.0000
1788372278.131,9.215,5.603,-136.8,17.8,2.074,0.1909,0.0000
1788372278.350,9.213,5.601,-133.2,14.3,2.075,0.3500,0.0000
1788372278.595,9.192,5.565,-133.2,14.4,2.056,0.3500,0.0000
1788372278.807,9.157,5.526,-133.2,15.9,2.003,0.2545,0.0000
1788372279.020,9.121,5.487,-133.2,15.2,1.945,0.3500,0.0000
1788372279.251,9.082,5.445,-133.2,14.6,1.887,0.3500,0.0000
1788372279.484,9.036,5.403,-133.2,17.0,1.831,0.0000,-1.0000
1788372279.699,9.001,5.366,-133.2,13.0,1.777,0.3500,0.0000
1788372279.915,8.959,5.322,-133.2,11.5,1.718,0.3500,0.0000
1788372280.157,8.911,5.270,-132.9,9.7,1.650,0.3500,0.0000
1788372280.372,8.869,5.225,-132.9,7.9,1.592,0.3500,0.0000
1788372280.582,8.851,5.184,-133.0,0.2,1.539,0.0000,-1.0000
1788372280.808,8.814,5.140,-133.0,-3.8,1.473,0.0000,-3.0000
1788372281.036,8.772,5.095,-133.0,-7.8,1.413,0.0000,-3.4628
1788372281.246,8.746,5.059,-131.3,-13.9,1.360,0.0000,-3.6155
1788372281.463,8.712,5.021,-131.3,-19.3,1.291,0.0000,-3.7071
1788372281.698,8.679,4.990,-131.2,-23.5,1.239,0.0000,-3.9994
1788372281.909,8.642,4.950,-131.2,-30.1,1.172,0.0000,-4.0000
1788372282.121,8.635,4.942,-135.4,-26.5,1.137,0.0000,-4.0000
1788372282.344,8.635,4.957,-141.3,-19.1,1.132,0.0000,-3.6201
1788372282.575,8.633,4.955,-145.0,-15.3,1.134,0.0000,-3.5415
1788372282.785,8.597,4.933,-145.6,-18.1,1.112,0.0000,-3.5668
1788372282.993,8.548,4.900,-145.7,-20.9,1.052,0.0000,-3.6198
1788372283.229,8.535,4.896,-148.8,-17.8,0.995,0.0000,-3.6208
1788372283.451,8.535,4.896,-153.1,-13.5,0.997,0.0000,-3.2929
1788372283.662,8.535,4.896,-158.3,-10.6,0.991,0.0000,-3.2687
1788372283.876,8.496,4.885,-158.3,-11.1,0.993,0.0000,-3.2672
1788372284.108,8.439,4.863,-158.2,-19.2,0.959,0.0000,-3.3426
1788372284.320,8.382,4.848,-158.0,-22.9,0.923,0.0000,-3.4166
1788372284.536,8.362,4.840,-161.2,-26.8,0.894,0.0000,-3.3310
1788372284.763,8.352,4.843,-166.9,-21.1,1.011,0.0000,-3.6084
1788372284.990,8.349,4.843,-170.7,-17.4,1.174,0.0000,-3.3839
1788372285.207,8.314,4.829,-170.6,-19.6,1.207,0.0000,-3.4027
1788372285.420,8.261,4.816,-170.6,-22.1,1.183,0.0000,-3.4986
1788372285.656,8.209,4.798,-170.9,-25.2,1.158,0.0000,-3.6912
1788372285.870,8.197,4.796,-174.9,-21.8,3.655,0.0000,-3.5582
1788372286.081,8.176,4.785,-179.6,-18.6,3.652,0.0000,-3.3464
1788372286.307,8.168,4.783,176.7,-15.5,3.650,0.0000,-3.1556
1788372286.531,8.120,4.781,178.1,-18.3,3.627,0.0000,-3.2799
1788372286.747,8.065,4.782,178.2,-19.7,3.575,0.0000,-3.3962
1788372286.966,8.012,4.791,177.8,-21.7,3.523,0.0000,-3.4709
1788372287.202,8.012,4.791,173.5,-17.4,3.498,0.0000,-3.2774
1788372287.424,8.012,4.790,168.8,-12.7,3.495,0.0000,-3.0314
1788372287.638,8.005,4.792,166.2,-7.1,3.492,0.0000,-2.8032
1788372287.867,7.979,4.804,166.4,-9.3,3.457,0.2545,0.0000
1788372288.097,7.914,4.817,167.1,-13.6,3.399,0.1909,0.0000
1788372288.314,7.853,4.830,167.2,-17.3,3.340,0.1273,0.0000
1788372288.528,7.793,4.843,167.2,-20.9,3.281,0.0955,0.0000
1788372288.762,7.751,4.838,164.3,-18.9,3.226,0.0000,-1.0000
1788372288.970,7.751,4.838,160.0,-14.6,7.832,0.0000,-3.0000
1788372289.185,7.747,4.826,153.9,-9.9,7.094,0.1273,0.0000
1788372289.411,7.743,4.842,153.5,-8.3,6.757,0.1273,0.0000
1788372289.638,7.696,4.870,153.5,-11.0,6.721,0.0636,0.0000
1788372289.851,7.618,4.899,154.8,-20.6,6.681,0.1273,0.0000
1788372290.065,7.563,4.925,154.8,-24.6,6.642,0.0955,0.0000
1788372290.300,7.505,4.951,154.3,-26.5,6.602,0.0000,6.0000
1788372290.519,7.449,4.978,154.3,-29.7,6.563,0.0000,6.0000
1788372290.729,7.414,4.992,154.3,-27.4,6.524,0.0000,6.0000
1788372290.946,7.395,5.001,151.9,-26.3,6.485,0.0000,-3.1704
1788372291.186,7.406,4.992,147.0,-20.9,5.876,0.0318,0.0000
1788372291.401,7.410,4.989,142.0,-15.7,3.589,0.0636,0.0000
1788372291.619,7.377,5.005,141.7,-17.5,3.568,0.2864,0.0000
1788372291.857,7.327,5.043,141.7,-18.2,3.514,0.3500,0.0000
1788372292.078,7.295,5.083,142.0,-19.1,3.455,0.0318,0.0000
1788372292.295,7.246,5.120,142.0,-21.1,3.398,0.0318,0.0000
1788372292.512,7.253,5.134,143.5,-21.2,3.339,0.0636,0.0000
1788372292.744,7.214,5.163,143.6,-14.2,3.281,0.3182,6.0000
1788372292.959,7.157,5.208,143.5,-14.9,3.223,0.2227,0.0000
1788372293.171,7.105,5.248,143.4,-16.9,3.167,0.2864,0.0000
1788372293.405,7.046,5.294,142.6,-15.9,3.112,0.2864,0.0000
1788372293.626,6.995,5.334,142.3,-16.4,3.058,0.2545,0.0000
1788372293.844,6.953,5.368,142.5,-28.5,3.006,0.0000,-1.0000
1788372294.057,6.906,5.405,142.6,-31.6,2.956,0.3182,6.0000
1788372294.296,6.864,5.431,141.9,-33.8,2.908,0.0000,6.0000
1788372294.511,6.816,5.468,141.9,-36.3,2.863,0.0000,6.0000
1788372294.727,6.785,5.487,141.9,-35.4,2.820,0.0000,6.0000
1788372294.960,6.741,5.518,142.0,-16.3,2.785,0.0636,0.0000
1788372295.176,6.687,5.560,142.5,-20.1,2.760,0.2227,0.0000
1788372295.391,6.636,5.599,142.7,-23.9,4.445,0.0955,0.0000
1788372295.605,6.573,5.632,141.9,-27.6,4.399,0.0000,6.0000
1788372295.845,6.523,5.669,141.7,-20.6,4.353,0.0000,-2.7274
1788372296.065,6.515,5.702,141.4,-19.8,4.308,0.0955,0.0000
1788372296.284,6.518,5.702,136.3,-14.5,2.433,0.1909,0.0000
1788372296.519,6.520,5.702,133.1,-11.2,2.391,0.3500,0.0000
1788372296.741,6.520,5.701,128.6,-5.7,2.389,0.2864,0.0000
1788372296.956,6.503,5.717,128.0,-11.5,2.378,0.2545,0.0000
1788372297.175,6.462,5.771,128.0,-12.9,2.323,0.0955,0.0000
1788372297.414,6.424,5.821,127.9,-14.3,2.263,0.3182,0.0000
1788372297.625,6.386,5.869,127.9,-15.8,2.204,0.3182,0.0000
1788372297.838,6.348,5.917,127.9,-5.6,2.144,0.3182,0.0000
1788372298.064,6.286,5.960,128.9,-9.6,2.085,0.2864,0.0000
1788372298.290,6.248,6.008,128.9,-10.8,2.025,0.2864,0.0000
1788372298.504,6.222,6.048,128.2,-9.5,1.965,0.3500,0.0000
1788372298.718,6.186,6.096,127.9,-9.2,1.905,0.2864,0.0000
1788372298.961,6.149,6.145,127.9,-6.1,1.845,0.3500,0.0000
1788372299.182,6.123,6.181,128.5,-7.7,1.786,0.2545,0.0000
1788372299.395,6.085,6.229,128.5,-8.6,1.726,0.3182,0.0000
1788372299.622,6.045,6.273,129.9,-11.9,1.666,0.1909,0.0000
1788372299.844,6.006,6.319,130.0,-14.1,1.607,0.3182,0.0000
1788372300.055,5.966,6.365,130.0,-12.3,1.548,0.2227,0.0000
1788372300.270,5.920,6.406,130.1,-14.9,1.487,0.2864,0.0000
1788372300.502,5.881,6.453,130.1,-16.5,1.428,0.3500,0.0000
1788372300.725,5.849,6.500,129.7,-17.0,1.369,0.2227,0.0000
1788372300.938,5.813,6.547,129.5,-21.7,1.309,0.0000,-1.0000
1788372301.159,5.774,6.594,129.5,-23.9,1.250,0.1273,6.0000
1788372301.388,5.737,6.646,129.7,-22.6,1.190,0.2545,6.0000
1788372301.596,5.699,6.692,129.7,-25.3,1.132,0.3500,6.0000
1788372301.811,5.670,6.729,129.7,-27.7,1.074,0.0000,6.0000
1788372302.058,5.657,6.745,126.5,-25.7,1.020,0.0000,-3.0421
1788372302.272,5.657,6.745,122.2,-21.4,1.017,0.0636,0.0000
1788372302.488,5.650,6.766,117.6,-17.3,1.015,0.0318,0.0000
1788372302.714,5.642,6.790,118.4,-18.5,1.003,0.0636,0.0000
1788372302.939,5.616,6.839,118.8,-21.8,0.950,0.1273,6.0000
1788372303.154,5.577,6.893,118.8,-28.4,0.898,0.0000,-3.1241
1788372303.366,5.555,6.932,118.8,-33.5,0.853,0.0000,-3.3663
1788372303.601,5.524,6.978,118.0,-42.6,0.809,0.0000,-3.6643
1788372303.823,5.508,7.007,116.4,-48.2,0.765,0.0000,-4.0000
1788372304.036,5.508,7.007,112.1,-43.9,0.751,0.0000,-4.0000
1788372304.262,5.505,7.013,107.2,-40.7,0.748,0.0000,-3.7679
1788372304.500,5.501,7.023,104.6,-40.5,0.746,0.0000,-3.6993
1788372304.709,5.490,7.064,102.0,-49.5,0.715,0.0000,-2.8375
1788372304.921,5.483,7.063,96.2,-45.5,0.731,0.0000,0.1625
1788372305.159,5.482,7.062,91.1,-40.8,1.954,0.0000,2.1625
1788372305.385,5.482,7.062,86.0,-35.7,1.951,0.0000,4.0000
1788372305.600,5.486,7.054,80.3,-26.6,1.949,0.0000,4.0000
1788372305.820,5.488,7.056,76.7,-23.0,1.946,0.0000,4.0000
1788372306.048,5.488,7.056,72.4,-18.7,1.944,0.0000,4.0000
1788372306.258,5.488,7.060,67.5,-14.6,1.955,0.0000,4.0000
1788372306.475,5.487,7.068,62.2,-11.6,1.982,0.0000,4.0000
1788372306.709,5.486,7.070,57.0,-7.2,2.026,0.0000,4.0000
1788372306.931,5.478,7.066,51.7,-3.5,2.088,0.0000,4.0000
1788372307.145,5.488,7.074,50.8,-1.4,2.153,0.0000,4.0000
1788372307.375,5.516,7.108,50.9,-2.1,2.123,0.0000,4.0000
1788372307.605,5.535,7.145,56.4,-19.0,2.086,0.0000,4.0000
1788372307.819,5.535,7.145,72.7,-35.4,1.910,0.0000,4.0000
1788372308.035,5.535,7.145,92.4,-55.0,1.869,0.0000,4.0000
1788372308.268,5.529,7.137,110.4,-70.7,0.730,0.0000,4.0000
1788372308.487,5.537,7.134,121.4,-74.3,0.665,0.0000,4.0000
1788372308.696,5.540,7.136,129.0,-80.9,0.670,0.0000,4.0000
1788372308.915,5.536,7.150,134.2,-102.3,0.674,0.0000,3.8932
1788372309.149,5.533,7.145,139.6,-103.9,0.678,0.0000,3.6882
1788372309.369,5.525,7.130,144.6,-102.9,0.691,0.0000,3.4780
1788372309.584,5.524,7.129,149.6,-107.6,0.747,0.0000,3.2195
1788372309.819,5.517,7.150,153.7,-130.2,2.758,0.0000,2.8883
1788372310.042,5.510,7.152,159.2,-139.9,3.040,0.0000,0.0000
1788372310.255,5.507,7.153,164.4,-146.4,3.410,0.0000,0.0000
1788372310.469,5.494,7.148,167.2,-148.7,3.908,0.0000,0.0000
1788372310.692,5.497,7.125,167.4,-135.0,4.051,0.0000,0.0000
1788372310.899,5.497,7.121,167.5,-132.6,4.051,0.0000,0.0000
1788372311.105,5.510,7.097,167.3,-117.1,4.051,0.0000,0.0000
1788372311.322,5.510,7.097,167.3,-117.1,4.051,0.0000,0.0000
1788372311.547,5.510,7.097,167.3,-117.1,4.051,0.0000,0.0000
1788372311.757,5.510,7.097,176.5,94.0,4.189,0.0000,2.0000
1788372311.966,5.510,7.097,-164.2,74.7,5.446,0.0000,4.0000
1788372312.208,5.510,7.097,-149.9,60.5,3.904,0.0000,4.0000
1788372312.430,5.499,7.090,-141.5,53.2,2.886,0.0000,4.0000
1788372312.641,5.503,7.082,-135.8,47.1,2.597,0.0000,4.0000
1788372312.871,5.502,7.084,-130.4,41.7,2.440,0.0000,3.8216
1788372313.100,5.489,7.080,-125.5,38.4,2.329,0.0000,3.6581
1788372313.323,5.477,7.080,-121.0,35.2,2.284,0.0000,3.3891
1788372313.535,5.472,7.070,-117.2,32.2,2.288,0.0000,3.1767
1788372313.771,5.470,7.065,-112.5,23.1,2.280,0.0000,2.8889
1788372313.993,5.493,7.065,-107.5,15.4,2.289,0.2227,0.0000
1788372314.206,5.511,7.056,-102.8,8.6,2.297,0.2545,0.0000
1788372314.432,5.515,7.053,-98.0,3.2,2.297,0.2864,0.0000
1788372314.668,5.526,7.039,-93.9,-9.8,2.646,0.3500,0.0000
1788372314.879,5.530,6.992,-93.9,-11.6,2.744,0.3500,0.0000
1788372315.096,5.527,6.931,-93.9,-12.8,2.727,0.3500,0.0000
1788372315.330,5.523,6.880,-93.9,-12.5,2.709,0.3182,0.0000
1788372315.546,5.519,6.819,-93.9,-12.4,5.223,0.2545,0.0000
1788372315.769,5.516,6.752,-93.6,-14.6,5.165,0.3500,0.0000
1788372315.994,5.512,6.691,-93.6,-16.3,5.104,0.3500,0.0000
1788372316.224,5.515,6.620,-93.9,-17.1,5.043,0.3182,0.0000
1788372316.439,5.511,6.559,-93.9,-17.1,4.983,0.3500,0.0000
1788372316.650,5.510,6.502,-93.6,-17.6,4.923,0.2545,0.0000
1788372316.879,5.506,6.441,-93.6,-9.3,4.863,0.1909,0.0000
1788372317.103,5.498,6.388,-93.4,-10.1,4.802,0.3500,0.0000
1788372317.322,5.495,6.337,-93.4,-10.0,4.742,0.3500,0.0000
1788372317.547,5.486,6.274,-93.3,-9.6,4.683,0.3500,0.0000
1788372317.777,5.482,6.213,-93.3,-9.1,4.624,0.3500,0.0000
1788372317.986,5.476,6.151,-93.8,-8.2,4.565,0.3500,0.0000
1788372318.196,5.472,6.090,-93.8,-6.9,4.505,0.3500,0.0000
1788372318.433,5.458,6.029,-94.7,-4.6,4.446,0.3500,0.0000
1788372318.647,5.453,5.968,-94.7,-4.3,4.387,0.3500,0.0000
1788372318.862,5.434,5.907,-94.8,1.9,4.327,0.3182,0.0000
1788372319.079,5.430,5.856,-94.8,2.2,4.267,0.2864,0.0000
1788372319.316,5.421,5.772,-95.3,3.5,4.206,0.3500,0.0000
1788372319.534,5.415,5.712,-95.3,3.9,4.146,0.3500,0.0000
1788372319.742,5.421,5.647,-95.6,3.2,4.087,0.3500,0.0000
1788372319.986,5.416,5.588,-95.6,-4.5,4.029,0.3500,0.0000
1788372320.203,5.419,5.536,-94.8,-5.6,3.971,0.2864,0.0000
1788372320.419,5.414,5.476,-94.8,-5.3,3.913,0.3500,0.0000
1788372320.633,5.414,5.403,-94.3,-6.3,3.856,0.3500,0.0000
1788372320.868,5.410,5.344,-94.3,-5.3,3.798,0.3500,0.0000
1788372321.085,5.398,5.276,-94.7,-4.3,3.740,0.3500,0.0000
1788372321.311,5.393,5.218,-94.7,-4.3,3.681,0.3500,0.0000
1788372321.564,5.384,5.154,-94.6,-4.0,3.623,0.3500,0.0000
1788372321.812,5.380,5.096,-94.6,-3.6,3.567,0.3500,0.0000
1788372322.134,5.373,5.041,-95.0,1.8,3.510,0.2864,0.0000
1788372322.397,5.368,4.982,-95.0,2.0,3.454,0.3500,0.0000
1788372322.619,5.364,4.928,-94.8,1.9,3.395,0.3500,0.0000
1788372322.836,5.359,4.867,-94.8,2.1,3.336,0.3500,0.0000
1788372323.069,5.351,4.809,-95.8,3.2,3.275,0.3500,0.0000
1788372323.289,5.345,4.748,-95.8,2.5,3.216,0.3182,0.0000
1788372323.506,5.335,4.693,-96.1,2.8,3.157,0.2864,0.0000
1788372323.720,5.328,4.632,-96.1,2.4,3.098,0.2545,0.0000
1788372323.963,5.326,4.565,-95.4,-0.6,3.039,0.2864,0.0000
1788372324.178,5.321,4.504,-95.4,-4.5,2.979,0.0000,-2.0000
1788372324.394,5.321,4.441,-95.0,-12.8,2.919,0.0000,-3.5483
1788372324.625,5.316,4.380,-95.0,-17.7,2.860,0.0000,-3.6282
1788372324.859,5.311,4.349,-95.1,-21.4,2.802,0.0000,-3.6542
1788372325.075,5.307,4.298,-95.1,-25.7,2.743,0.0000,-3.9518
1788372325.293,5.305,4.271,-97.3,-24.9,2.684,0.0000,-4.0000
1788372325.520,5.305,4.271,-102.4,-19.7,2.681,0.0000,-3.7074
1788372325.731,5.282,4.278,-107.7,-11.8,2.678,0.0000,-3.3740
1788372325.947,5.268,4.233,-107.7,-14.8,2.653,0.0000,-3.4248
1788372326.174,5.224,4.160,-106.3,-19.5,2.594,0.0000,-3.6232
1788372326.402,5.212,4.120,-107.9,-19.6,2.534,0.0000,-3.6576
1788372326.620,5.212,4.120,-113.0,-14.5,2.517,0.0000,-3.4299
1788372326.832,5.227,4.127,-117.6,-10.8,2.514,0.0000,-3.1707
1788372327.074,5.218,4.110,-118.7,-15.5,2.507,0.0000,-3.3351
1788372327.293,5.187,4.066,-119.5,-18.4,2.456,0.0000,-3.3349
1788372327.511,5.157,4.013,-119.5,-23.2,2.397,0.0000,-3.4489
1788372327.731,5.136,3.976,-121.1,-26.9,2.340,0.0000,-3.4685
1788372327.960,5.141,3.971,-125.9,-22.9,2.342,0.0000,-3.2583
1788372328.171,5.142,3.970,-131.0,-21.3,4.206,0.0000,-3.1553
1788372328.391,5.128,3.955,-131.9,-21.2,4.308,0.0000,-2.9963
1788372328.620,5.091,3.896,-132.1,-25.9,4.268,0.0000,-3.1066
1788372328.830,5.054,3.849,-132.2,-29.5,4.216,0.0000,-3.1950
1788372329.046,5.011,3.800,-132.3,-31.6,4.165,0.0000,-3.2861
1788372329.273,4.970,3.754,-132.3,-35.2,4.114,0.0000,-3.3095
1788372329.501,4.960,3.739,-135.6,-32.7,4.119,0.0000,-3.1859
1788372329.707,4.960,3.739,-140.8,-27.6,4.320,0.0000,-2.9065
1788372329.919,4.958,3.738,-144.4,-24.0,4.581,0.1273,0.0000
1788372330.168,4.916,3.727,-144.3,-14.8,4.612,0.0955,0.0000
1788372330.409,4.866,3.693,-144.3,-16.8,4.565,0.2545,0.0000
1788372330.628,4.829,3.650,-143.9,-20.6,4.519,0.0636,0.0000
1788372330.877,4.780,3.614,-143.9,-22.9,4.472,0.2227,0.0000
1788372331.109,4.736,3.587,-143.8,-16.9,4.425,0.0000,-2.4639
1788372331.337,4.688,3.554,-143.8,-18.7,4.378,0.0318,0.0000
1788372331.563,4.639,3.518,-143.8,-20.9,4.331,0.1273,0.0000
1788372331.800,4.591,3.474,-142.5,-25.3,4.285,0.0636,0.0000
1788372332.029,4.542,3.437,-142.5,-27.7,4.238,0.0000,6.0000
1788372332.243,4.501,3.413,-143.3,-18.7,4.191,0.0000,-2.5994
1788372332.481,4.501,3.414,-148.4,-13.5,4.324,0.2864,0.0000
1788372332.703,4.501,3.414,-152.7,-9.2,4.682,0.2864,0.0000
1788372332.920,4.496,3.402,-155.1,-7.8,4.594,0.2545,0.0000
1788372333.139,4.448,3.374,-155.4,-5.4,4.559,0.3500,0.0000
1788372333.383,4.393,3.346,-155.4,-6.3,4.504,0.3500,0.0000
1788372333.598,4.337,3.321,-155.4,-7.0,4.449,0.2864,0.0000
1788372333.814,4.282,3.295,-155.4,-7.8,4.394,0.2545,0.0000
1788372334.045,4.223,3.267,-155.6,-8.5,4.340,0.3500,0.0000
1788372334.263,4.167,3.241,-155.6,-7.6,4.285,0.3500,0.0000
1788372334.480,4.137,3.217,-156.0,-8.7,4.230,0.3500,0.0000
1788372334.693,4.081,3.192,-156.0,-9.4,4.175,0.3182,0.0000
1788372334.940,4.023,3.167,-155.9,-9.9,4.120,0.2864,0.0000
1788372335.153,3.967,3.142,-155.9,-3.5,4.065,0.3500,0.0000
1788372335.370,3.895,3.096,-155.4,-6.4,4.010,0.3500,0.0000
1788372335.604,3.839,3.070,-155.4,-7.1,3.955,0.3182,0.0000
1788372335.826,3.786,3.029,-154.8,-10.4,3.900,0.3500,0.0000
1788372336.035,3.731,3.003,-154.8,-11.3,3.845,0.3182,0.0000
1788372336.254,3.668,2.964,-154.3,-12.7,3.790,0.3500,0.0000
1788372336.490,3.622,2.942,-154.3,-13.9,3.735,0.2864,0.0000
1788372336.702,3.575,2.917,-154.5,-15.2,3.680,0.3500,0.0000
1788372336.916,3.520,2.891,-154.5,-16.7,3.625,0.2864,0.0000
1788372337.143,3.472,2.857,-153.5,-19.5,3.570,0.2545,0.0000
1788372337.374,3.417,2.830,-153.5,-16.0,3.515,0.3182,0.0000
1788372337.580,3.364,2.806,-153.7,-17.1,3.460,0.3500,0.0000
1788372337.790,3.310,2.779,-153.7,-18.2,3.405,0.2864,0.0000
1788372338.034,3.265,2.755,-153.6,-19.5,3.351,0.2227,0.0000
1788372338.247,3.219,2.733,-153.6,-11.3,3.296,0.1909,0.0000
1788372338.475,3.174,2.701,-153.3,-13.9,3.241,0.2227,0.0000
1788372338.697,3.119,2.674,-153.3,-15.5,3.186,0.1591,0.0000
1788372338.918,3.058,2.646,-153.9,-16.0,3.131,0.1273,0.0000
1788372339.135,3.003,2.619,-153.9,-17.5,3.076,0.1591,0.0000
1788372339.351,2.960,2.607,-154.7,-13.0,3.021,0.0000,-1.0000
1788372339.593,2.905,2.580,-154.7,-14.0,2.966,0.0636,0.0000
1788372339.807,2.836,2.553,-155.2,-16.2,2.911,0.0318,0.0000
1788372340.015,2.780,2.527,-155.2,-18.9,2.856,0.0000,6.0000
1788372340.244,2.755,2.502,-156.1,-21.0,2.801,0.0318,0.0000
1788372340.478,2.755,2.502,-161.3,-19.2,2.757,0.0955,0.0000
1788372340.692,2.758,2.509,-166.7,-12.9,2.732,0.0636,0.0000
1788372340.905,2.729,2.502,-166.8,-13.3,2.717,0.0318,0.0000
1788372341.144,2.656,2.476,-167.3,-15.7,2.664,0.0636,0.0000
1788372341.371,2.597,2.462,-167.3,-14.1,2.606,0.2864,0.0000
1788372341.586,2.537,2.449,-167.3,-15.7,2.548,0.2227,0.0000
1788372341.810,2.462,2.426,-167.1,-18.7,2.490,0.3182,6.0000
1788372342.032,2.411,2.414,-167.1,-20.1,2.433,0.1909,6.0000
1788372342.249,2.351,2.397,-166.6,-22.8,2.375,0.0636,6.0000
1788372342.464,2.292,2.381,-166.3,-24.0,2.317,0.0000,-2.6321
1788372342.706,2.227,2.359,-166.0,-26.9,2.259,0.2227,6.0000
1788372342.921,2.166,2.343,-165.9,-29.1,2.201,0.0955,6.0000
1788372343.131,2.111,2.322,-165.5,-31.9,2.143,0.0000,6.0000
1788372343.358,2.090,2.316,-168.7,-27.1,2.090,0.0000,6.0000
1788372343.590,2.075,2.313,-173.4,-23.1,2.088,0.0000,-2.8374
1788372343.798,2.074,2.313,-177.9,-18.7,2.085,0.0955,0.0000
1788372344.016,2.039,2.310,-177.9,-19.9,2.072,0.3500,6.0000
1788372344.255,1.974,2.308,-177.8,-20.7,2.015,0.0000,6.0000
1788372344.477,1.908,2.306,-177.8,-23.5,1.956,0.0000,-2.8040
1788372344.690,1.847,2.304,-177.8,-26.9,1.896,0.0000,-2.9740
1788372344.910,1.794,2.296,-177.1,-32.2,1.836,0.0000,-3.3353
1788372345.141,1.741,2.292,-176.9,-37.6,1.780,0.0000,-3.5632
1788372345.357,1.722,2.285,179.5,-37.0,1.741,0.0000,-3.5974
1788372345.573,1.722,2.284,174.4,-32.1,1.738,0.0000,-3.4550
1788372345.812,1.721,2.285,170.8,-28.6,1.735,0.0000,-3.2225
1788372346.026,1.689,2.288,171.1,-32.2,1.715,0.0000,-3.3350
1788372346.239,1.646,2.294,171.2,-37.9,1.671,0.0000,-3.5919
1788372346.472,1.589,2.302,170.7,-47.3,1.628,0.0000,-3.9647
1788372346.695,1.588,2.302,165.7,-42.6,1.605,0.0000,-3.9568
1788372346.908,1.585,2.296,161.5,-40.1,1.603,0.0000,-3.7365
1788372347.120,1.582,2.296,158.0,-37.3,1.611,0.0000,-3.6648
1788372347.363,1.538,2.302,158.3,-48.2,1.594,0.0000,-3.8710
1788372347.582,1.522,2.308,155.1,-49.4,1.556,0.0000,-4.0000
1788372347.793,1.535,2.312,150.9,-40.5,1.578,0.0000,-3.8602
1788372348.013,1.535,2.312,145.8,-35.4,1.614,0.0000,-3.5160
1788372348.245,1.505,2.328,145.8,-44.5,1.623,0.0000,-3.7730
1788372348.463,1.483,2.341,142.4,-49.0,1.586,0.0000,-1.7730
1788372348.673,1.473,2.353,136.1,-47.2,1.663,0.0000,0.2270
1788372348.912,1.473,2.353,130.5,-41.6,1.762,0.0000,3.2270
1788372349.129,1.457,2.361,125.4,-44.3,1.872,0.0000,4.0000
1788372349.348,1.449,2.372,120.5,-44.6,2.013,0.0000,4.0000
1788372349.567,1.449,2.373,116.2,-40.5,2.016,0.0000,4.0000
1788372349.793,1.454,2.379,111.5,-34.1,1.981,0.0000,4.0000
1788372350.008,1.441,2.387,106.6,-37.9,1.961,0.0000,4.0000
1788372350.216,1.436,2.389,101.6,-36.0,1.956,0.0000,4.0000
1788372350.457,1.427,2.392,96.3,-36.4,1.954,0.0000,4.0000
1788372350.676,1.415,2.403,90.7,-40.0,1.951,0.0000,4.0000
1788372350.891,1.414,2.404,85.4,-36.4,1.948,0.0000,4.0000
1788372351.123,1.420,2.396,80.4,-25.2,1.946,0.0000,4.0000
1788372351.363,1.421,2.398,75.0,-20.3,1.942,0.0000,4.0000
1788372351.580,1.421,2.398,70.7,-16.0,1.942,0.0000,4.0000
1788372351.795,1.419,2.399,66.4,-12.9,1.956,0.0000,4.0000
1788372352.036,1.422,2.409,61.7,-10.6,1.985,0.0000,4.0000
1788372352.252,1.422,2.412,56.6,-6.4,2.030,0.0000,4.0000
1788372352.470,1.427,2.404,54.1,1.6,2.475,0.0000,2.0000
1788372352.693,1.449,2.425,50.7,12.3,2.444,0.0000,-1.0000
1788372352.920,1.449,2.423,30.0,33.7,2.423,0.0000,-3.0000
1788372353.138,1.449,2.423,9.4,54.3,3.268,0.0000,-4.0000
1788372353.362,1.454,2.438,-8.2,68.0,5.711,0.0000,-4.0000
1788372353.603,1.464,2.475,-28.1,,2.969,0.0000,-4.0000
1788372353.814,1.457,2.483,-28.7,,2.962,0.0000,-4.0000
1788372354.018,1.462,2.483,-28.1,,2.962,0.0000,-4.0000
1788372354.237,1.466,2.493,-28.9,,2.962,0.0000,-4.0000
1788372354.466,1.466,2.493,-28.9,,2.962,0.0000,-4.0000
1788372354.676,1.466,2.493,-28.9,,2.962,0.0000,-4.0000
1788372354.886,1.466,2.493,-28.9,,2.962,0.0000,-4.0000
1788372355.113,1.466,2.493,-28.9,,2.962,0.0000,-4.0000
1788372355.330,1.466,2.493,-28.9,,2.962,0.0000,-2.0000
1788372355.536,1.466,2.493,-28.9,,2.962,0.0000,-4.0000
1788372355.742,1.466,2.493,-28.9,,2.962,0.0000,-4.0000
1788372355.974,1.466,2.493,-28.9,,2.962,0.0000,-4.0000
1788372356.183,1.466,2.493,-28.9,,2.962,0.0000,-4.0000
1788372356.395,1.466,2.493,-28.9,,2.962,0.0000,-4.0000
1788372356.614,1.466,2.493,-28.9,,2.962,0.0000,-4.0000
1788372356.839,1.466,2.493,-28.9,,2.962,0.0000,-4.0000
1788372357.046,1.466,2.493,-28.9,,2.962,0.0000,-4.0000
1788372357.254,1.466,2.493,-28.9,,2.962,0.0000,-4.0000
1788372357.478,1.466,2.493,-28.9,,2.962,0.0000,-4.0000
1788372357.690,1.466,2.493,-28.9,,2.962,0.0000,-4.0000
1788372357.898,1.466,2.493,-28.9,,2.962,0.0000,-4.0000
1788372358.109,1.466,2.493,-28.9,,2.962,0.0000,-4.0000
1788372358.341,1.466,2.493,-28.9,,2.962,0.0000,-4.0000
1788372358.547,1.466,2.493,-28.9,,2.962,0.0000,-4.0000
1788372358.753,1.466,2.493,-28.9,,2.962,0.0000,-4.0000
1788372358.980,1.466,2.493,-28.9,,2.962,0.0000,-4.0000
1788372359.204,1.466,2.493,-28.9,,2.962,0.0000,-4.0000
1788372359.415,1.466,2.493,-28.9,,2.962,0.0000,-4.0000
1788372359.625,1.466,2.493,-28.9,,2.962,0.0000,-4.0000
1788372359.859,1.466,2.493,-28.9,,2.962,0.0000,-4.0000
1788372360.069,1.466,2.493,-28.9,,2.962,0.0000,-4.0000
1788372360.279,1.466,2.493,-28.9,,2.962,0.0000,-4.0000
1788372360.493,1.466,2.493,-28.9,,2.962,0.0000,-4.0000
1788372360.723,1.466,2.493,-28.9,,2.962,0.0000,-4.0000
1788372360.931,1.466,2.493,-28.9,,2.962,0.0000,-4.0000
1788372361.135,1.466,2.493,-28.9,,2.962,0.0000,-4.0000
1788372361.373,1.466,2.493,-28.9,,2.962,0.0000,-4.0000
1788372361.582,1.466,2.493,-28.9,,2.962,0.0000,-4.0000
1788372361.787,1.466,2.493,-28.9,,2.962,0.0000,-4.0000
1788372361.998,1.466,2.493,-28.9,,2.962,0.0000,-4.0000
1788372362.225,1.466,2.493,-28.9,,2.962,0.0000,-4.0000
1788372362.441,1.466,2.493,-28.9,,2.962,0.0000,-4.0000
1788372362.648,1.466,2.493,-28.9,,2.962,0.0000,-4.0000
1788372362.863,1.466,2.493,-28.9,,2.962,0.0000,-4.0000
1788372363.082,1.466,2.493,-28.9,,2.962,0.0000,-4.0000
1788372363.293,1.466,2.493,-28.9,,2.962,0.0000,-4.0000
1788372363.500,1.466,2.493,-28.9,,2.962,0.0000,-4.0000
1788372363.722,1.466,2.493,-28.9,,2.962,0.0000,-4.0000
1788372363.934,1.466,2.493,-28.9,,2.962,0.0000,0.0000
1788372364.140,1.466,2.493,-28.9,,2.962,0.0000,-2.0000
1788372364.347,1.466,2.493,-28.9,,2.962,0.0000,-4.0000
1788372364.575,1.466,2.493,-28.9,,2.962,0.0000,-4.0000
1788372364.785,1.466,2.493,-28.9,,2.962,0.0000,-4.0000
1788372364.995,1.466,2.493,-28.9,,2.962,0.0000,-4.0000
1788372365.212,1.466,2.493,-28.9,,2.962,0.0000,-4.0000
1788372365.440,1.466,2.493,-28.9,,2.962,0.0000,-4.0000
1788372365.665,1.466,2.493,-28.9,,2.962,0.0000,-4.0000
1788372365.876,1.466,2.493,-28.9,,2.962,0.0000,-4.0000
1788372366.152,1.466,2.493,-28.9,,2.962,0.0000,-4.0000
1788372366.378,1.466,2.493,-28.9,,2.962,0.0000,-4.0000
1788372366.636,1.466,2.493,-28.9,,2.962,0.0000,-4.0000
1788372366.856,1.466,2.493,-28.9,,2.962,0.0000,-4.0000
1788372367.057,1.466,2.493,-28.9,,2.962,0.0000,-4.0000
1788372367.275,1.466,2.493,-28.9,,2.962,0.0000,-4.0000
1788372367.498,1.466,2.493,-28.9,,2.962,0.0000,-4.0000
1788372367.703,1.466,2.493,-28.9,,2.962,0.0000,-4.0000
1788372367.915,1.466,2.493,-28.9,,2.962,0.0000,-4.0000
1788372368.150,1.466,2.493,-28.9,,2.962,0.0000,-4.0000
1788372368.366,1.466,2.493,-28.9,,2.962,0.0000,-4.0000
1788372368.572,1.466,2.493,-28.9,,2.962,0.0000,-4.0000
1788372368.785,1.470,2.491,-28.9,,2.962,0.0000,-4.0000
1788372369.021,1.505,2.472,-28.9,,2.936,0.0000,-4.0000
1788372369.237,1.545,2.450,-28.9,-170.9,2.892,0.0000,-4.0000
1788372369.454,1.584,2.428,-28.9,-174.3,2.849,0.0000,-4.0000
1788372369.681,1.623,2.406,-28.9,-175.9,2.806,0.0000,-4.0000
1788372369.903,1.644,2.395,-28.9,-176.4,2.763,0.0000,-4.0000
1788372370.105,1.647,2.386,-30.5,-176.9,2.759,0.0000,-4.0000
1788372370.317,1.647,2.386,-30.5,-176.9,2.759,0.0000,-4.0000
1788372370.552,1.647,2.386,-47.2,-160.2,3.036,0.0000,-4.0000
1788372370.762,1.647,2.386,-67.8,-139.6,2.487,0.0000,-4.0000
1788372370.977,1.644,2.389,-88.3,-118.7,2.348,0.0000,-4.0000
1788372371.208,1.650,2.392,-107.0,-98.4,2.338,0.0000,-4.0000
1788372371.430,1.651,2.402,-127.5,-74.9,2.384,0.0000,-4.0000
1788372371.646,1.649,2.404,-141.5,-60.7,2.027,0.0000,-4.0000
1788372371.873,1.660,2.399,-150.5,-51.8,1.855,0.0000,-4.0000
1788372372.148,1.667,2.400,-159.0,-42.2,1.796,0.0000,-3.8565
1788372372.422,1.677,2.418,-164.7,-30.9,1.778,0.0000,-3.2890
1788372372.639,1.693,2.420,-170.1,-24.0,1.773,0.0000,-2.9279
1788372372.883,1.703,2.428,-174.7,-17.0,1.773,0.1909,0.0000
1788372373.102,1.700,2.410,-179.2,-16.8,1.772,0.0000,0.0000
1788372373.317,1.700,2.407,175.8,-12.5,1.770,0.1909,0.0000
1788372373.544,1.708,2.407,170.6,-6.9,1.766,0.2227,0.0000
1788372373.764,1.718,2.411,165.9,-0.6,1.762,0.1909,0.0000
1788372373.978,1.706,2.415,164.8,0.6,1.754,0.1909,0.0000
1788372374.194,1.658,2.427,165.2,0.3,1.717,0.1591,0.0000
1788372374.437,1.605,2.431,164.8,-3.5,1.675,0.0000,1.0000
1788372374.650,1.559,2.440,164.6,-7.2,1.632,0.0000,3.0000
1788372374.861,1.516,2.452,164.6,-14.2,1.589,0.0000,4.0000
1788372375.103,1.524,2.447,175.7,-25.2,1.560,0.0000,4.0000
1788372375.338,1.526,2.447,-174.5,-34.7,1.566,0.0000,4.0000
1788372375.558,1.526,2.447,-168.1,-41.1,1.570,0.0000,4.0000
1788372375.783,1.527,2.441,-164.3,-48.6,1.573,0.0000,3.7762
1788372376.020,1.519,2.436,-160.5,-61.2,1.580,0.0000,3.6352
1788372376.232,1.525,2.428,-156.1,-67.3,1.599,0.0000,3.4189
1788372376.449,1.522,2.416,-151.1,-80.2,1.630,0.0000,3.2009
1788372376.677,1.521,2.413,-146.1,-87.1,1.674,0.0000,2.8151
1788372376.899,1.531,2.410,-141.2,-88.3,1.733,0.0000,0.0000
1788372377.110,1.534,2.406,-136.5,-92.6,1.809,0.0000,0.0000
1788372377.325,1.535,2.406,-133.0,-96.1,1.906,0.0000,0.0000
1788372377.557,1.515,2.396,-132.6,-110.7,1.930,0.0000,0.0000
1788372377.761,1.513,2.368,-132.1,-118.6,1.930,0.0000,0.0000
1788372377.970,1.511,2.355,-131.8,-121.3,1.930,0.0000,0.0000
1788372378.181,1.511,2.355,-131.8,-121.3,1.930,0.0000,0.0000
1788372378.411,1.511,2.355,-131.8,-121.3,1.930,0.0000,0.0000
1788372378.614,1.511,2.355,-131.8,-121.3,1.930,0.0000,0.0000
1788372378.826,1.511,2.355,-131.8,-121.3,1.930,0.0000,0.0000
1788372379.051,1.511,2.355,-131.8,-121.3,1.930,0.0000,0.0000
1788372379.264,1.511,2.355,-131.8,-121.3,1.930,0.0000,0.0000
1788372379.473,1.511,2.355,-131.8,-121.3,1.930,0.0000,0.0000
1788372379.678,1.511,2.355,-131.8,-121.3,1.930,0.0000,0.0000
1788372379.907,1.511,2.355,-131.8,-121.3,1.930,0.0000,0.0000
1788372380.114,1.511,2.355,-131.8,-121.3,1.930,0.0000,0.0000
1788372380.321,1.511,2.355,-131.8,-121.3,1.930,0.0000,0.0000
1788372380.540,1.511,2.355,-131.8,-121.3,1.930,0.0000,0.0000
1788372380.760,1.511,2.355,-131.8,-121.3,1.930,0.0000,0.0000
1788372380.970,1.511,2.355,-131.8,-121.3,1.930,0.0000,0.0000
1788372381.179,1.511,2.355,-131.8,-121.3,1.930,0.0000,0.0000
1788372381.420,1.511,2.355,-131.8,-121.3,1.930,0.0000,0.0000
1788372381.628,1.511,2.355,-131.8,-121.3,1.930,0.0000,0.0000
1788372381.836,1.511,2.355,-131.8,-121.3,1.930,0.0000,0.0000
1788372382.046,1.511,2.355,-131.8,-121.3,1.930,0.0000,0.0000
1788372382.262,1.511,2.355,-131.8,-121.3,1.930,0.0000,0.0000
1788372382.476,1.511,2.355,-131.8,-121.3,1.930,0.0000,0.0000
1788372382.680,1.511,2.355,-131.8,-121.3,1.930,0.0000,0.0000
1788372382.900,1.511,2.355,-131.8,-121.3,1.930,0.0000,0.0000
1788372383.117,1.511,2.355,-131.8,-121.3,1.930,0.0000,0.0000
1788372383.327,1.511,2.355,-131.8,-121.3,1.930,0.0000,0.0000
1788372383.530,1.511,2.355,-131.8,-121.3,1.930,0.0000,0.0000
1788372383.757,1.511,2.355,-131.8,-121.3,1.930,0.0000,0.0000
1788372383.965,1.511,2.355,-131.8,-121.3,1.930,0.0000,0.0000
1788372384.168,1.511,2.355,-131.8,-121.3,1.930,0.0000,0.0000
1788372384.384,1.511,2.355,-131.8,-121.3,1.930,0.0000,0.0000
1788372384.603,1.511,2.355,-131.8,-121.3,1.930,0.0000,0.0000
1788372384.808,1.511,2.355,-131.8,-121.3,1.930,0.0000,0.0000
1788372385.015,1.511,2.355,-131.8,-121.3,1.930,0.0000,0.0000
1788372385.230,1.511,2.355,-131.8,-121.3,1.930,0.0000,0.0000
1788372385.451,1.511,2.355,-131.8,-121.3,1.930,0.0000,0.0000
1788372385.655,1.511,2.355,-131.8,-121.3,1.930,0.0000,0.0000
1788372385.862,1.511,2.355,-131.8,-121.3,1.930,0.0000,0.0000
1788372386.093,1.511,2.355,-131.8,-121.3,1.930,0.0000,0.0000
1788372386.297,1.511,2.355,-131.8,-121.3,1.930,0.0000,0.0000
1788372386.505,1.511,2.355,-131.8,-121.3,1.930,0.0000,0.0000
1788372386.721,1.511,2.355,-131.8,-121.3,1.930,0.0000,0.0000
1788372386.941,1.511,2.355,-131.8,-121.3,1.930,0.0000,0.0000
1788372387.149,1.511,2.355,-131.8,-121.3,1.930,0.0000,0.0000
1788372387.361,1.511,2.355,-131.8,-121.3,1.930,0.0000,0.0000
1788372387.582,1.511,2.355,-131.8,-121.3,1.930,0.0000,0.0000
1788372387.798,1.511,2.355,-131.8,-121.3,1.930,0.0000,0.0000
1788372388.006,1.511,2.355,-131.8,-121.3,1.930,0.0000,0.0000
1788372388.213,1.511,2.355,-131.8,-121.3,1.930,0.0000,0.0000
1788372388.446,1.511,2.355,-131.8,-121.3,1.930,0.0000,0.0000
1788372388.654,1.511,2.355,-131.8,-121.3,1.930,0.0000,0.0000
1788372388.860,1.511,2.355,-131.8,-121.3,1.930,0.0000,0.0000
1788372389.071,1.511,2.355,-131.8,-121.3,1.930,0.0000,0.0000
1788372389.294,1.511,2.355,-131.8,-121.3,1.930,0.0000,0.0000
1788372389.510,1.511,2.355,-131.8,-121.3,1.930,0.0000,0.0000
1788372389.715,1.511,2.355,-131.8,-121.3,1.930,0.0000,0.0000
1788372389.940,1.511,2.355,-131.8,-121.3,1.930,0.0000,0.0000
1788372390.156,1.511,2.355,-131.8,-121.3,1.930,0.0000,0.0000
1788372390.365,1.511,2.355,-131.8,-121.3,1.930,0.0000,0.0000
1788372390.574,1.511,2.355,-131.8,-121.3,1.930,0.0000,0.0000
1788372390.799,1.511,2.355,-131.8,-121.3,1.930,0.0000,0.0000
1788372391.004,1.511,2.355,-131.8,-121.3,1.930,0.0000,0.0000
1788372391.209,1.511,2.355,-131.8,-121.3,1.930,0.0000,0.0000
1788372391.431,1.511,2.355,-131.8,-121.3,1.930,0.0000,0.0000
1788372391.650,1.511,2.355,-131.8,-121.3,1.930,0.0000,0.0000
1788372391.856,1.511,2.355,-131.8,-121.3,1.930,0.0000,0.0000
1788372392.064,1.511,2.355,-131.8,-121.3,1.930,0.0000,0.0000
1788372392.281,1.511,2.355,-131.8,-121.3,1.930,0.0000,0.0000
1788372392.499,1.511,2.355,-131.8,-121.3,1.930,0.0000,0.0000
1788372392.707,1.511,2.355,-131.8,-121.3,1.930,0.0000,0.0000
1788372392.915,1.511,2.355,-131.8,-121.3,1.930,0.0000,0.0000
1788372393.141,1.511,2.355,-131.8,-121.3,1.930,0.0000,0.0000
1788372393.350,1.511,2.355,-131.8,-121.3,1.930,0.0000,0.0000
1788372393.561,1.511,2.355,-131.8,-121.3,1.930,0.0000,0.0000
1788372393.774,1.511,2.355,-131.8,-121.3,1.930,0.0000,0.0000
1788372393.995,1.511,2.355,-131.8,-121.3,1.930,0.0000,0.0000
1788372394.198,1.511,2.355,-131.8,-121.3,1.930,0.0000,0.0000
1788372394.408,1.511,2.355,-131.8,-121.3,1.930,0.0000,0.0000
1788372394.626,1.511,2.355,-131.8,-121.3,1.930,0.0000,0.0000
1788372394.844,1.511,2.355,-131.8,-121.3,1.930,0.0000,0.0000
1788372395.056,1.511,2.355,-131.8,-121.3,1.930,0.0000,0.0000
1788372395.262,1.511,2.355,-131.8,-121.3,1.930,0.0000,0.0000
1788372395.495,1.511,2.355,-131.8,-121.3,1.930,0.0000,0.0000
1788372395.702,1.511,2.355,-131.8,-121.3,1.930,0.0000,0.0000
1788372395.907,1.511,2.355,-131.8,-121.3,1.930,0.0000,0.0000
1788372396.122,1.511,2.355,-131.8,-121.3,1.930,0.0000,0.0000
1788372396.355,1.511,2.355,-131.8,-121.3,1.930,0.0000,0.0000
1788372396.560,1.511,2.355,-131.8,-121.3,1.930,0.0000,0.0000
1788372396.773,1.511,2.355,-131.8,-121.3,1.930,0.0000,0.0000
1788372396.991,1.511,2.355,-131.8,-121.3,1.930,0.0000,0.0000
1788372397.203,1.511,2.355,-131.8,-121.3,1.930,0.0000,0.0000
1788372397.413,1.511,2.355,-131.8,-121.3,1.930,0.0000,0.0000
1788372397.620,1.511,2.355,-131.8,-121.3,1.930,0.0000,0.0000
1788372397.847,1.511,2.355,-131.8,-121.3,1.930,0.0000,0.0000
1788372398.054,1.511,2.355,-131.8,-121.3,1.930,0.0000,0.0000
1788372398.261,1.511,2.355,-131.8,-121.3,1.930,0.0000,0.0000
1788372398.478,1.511,2.355,-131.8,-121.3,1.930,0.0000,0.0000
1788372398.707,1.511,2.355,-131.8,-121.3,1.930,0.0000,0.0000
1788372398.910,1.511,2.355,-131.8,-121.3,1.930,0.0000,0.0000
1788372399.119,1.511,2.355,-131.8,-121.3,1.930,0.0000,0.0000
1788372399.355,1.511,2.355,-131.8,-121.3,1.930,0.0000,0.0000
1788372399.570,1.511,2.355,-131.8,-121.3,1.930,0.0000,0.0000
1788372399.782,1.511,2.355,-131.8,-121.3,1.930,0.0000,0.0000
1788372399.991,1.511,2.355,-131.8,-121.3,1.930,0.0000,0.0000
1788372400.222,1.511,2.355,-131.8,-121.3,1.930,0.0000,0.0000
1788372400.434,1.511,2.355,-131.8,-121.3,1.930,0.0000,0.0000
1788372400.642,1.511,2.355,-131.8,-121.3,1.930,0.0000,0.0000
1788372400.857,1.511,2.355,-131.8,-121.3,1.930,0.0000,0.0000
1788372401.078,1.511,2.355,-131.8,-121.3,1.930,0.0000,0.0000
1788372401.302,1.511,2.355,-131.8,-121.3,1.930,0.0000,0.0000
1788372401.523,1.511,2.355,-131.8,-121.3,1.930,0.0000,0.0000
1788372401.756,1.511,2.355,-131.8,-121.3,1.930,0.0000,0.0000
1788372401.966,1.511,2.355,-131.8,-121.3,1.930,0.0000,0.0000
1788372402.190,1.511,2.355,-131.8,-121.3,1.930,0.0000,0.0000
1788372402.428,1.511,2.355,-131.8,-121.3,1.930,0.0000,0.0000
1788372402.655,1.511,2.355,-131.8,-121.3,1.930,0.0000,0.0000
1788372402.863,1.511,2.355,-131.8,-121.3,1.930,0.0000,0.0000
1788372403.067,1.511,2.355,-131.8,-121.3,1.930,0.0000,0.0000
1788372403.294,1.511,2.355,-131.8,-121.3,1.930,0.0000,0.0000
1788372403.511,1.511,2.355,-131.8,-121.3,1.930,0.0000,0.0000
1788372403.723,1.511,2.355,-131.8,-121.3,1.930,0.0000,0.0000
1788372403.937,1.511,2.355,-131.8,-121.3,1.930,0.0000,0.0000
1788372404.160,1.511,2.355,-131.8,-121.3,1.930,0.0000,0.0000
1788372404.368,1.511,2.355,-131.8,-121.3,1.930,0.0000,0.0000
1788372404.571,1.511,2.355,-131.8,-121.3,1.930,0.0000,0.0000
1788372404.796,1.511,2.355,-131.8,-121.3,1.930,0.0000,0.0000
1788372405.012,1.511,2.355,-131.8,-121.3,1.930,0.0000,0.0000
1788372405.219,1.511,2.355,-131.8,-121.3,1.930,0.0000,0.0000
1788372405.434,1.511,2.355,-131.8,-121.3,1.930,0.0000,0.0000
1788372405.661,1.511,2.355,-131.8,-121.3,1.930,0.0000,0.0000
1788372405.874,1.511,2.355,-131.8,-121.3,1.930,0.0000,0.0000
1788372406.075,1.511,2.355,-131.8,-121.3,1.930,0.0000,0.0000
1788372406.285,1.511,2.355,-131.8,-121.3,1.930,0.0000,0.0000
1788372406.515,1.511,2.355,-131.8,-121.3,1.930,0.0000,0.0000
1788372406.719,1.511,2.355,-131.8,-121.3,1.930,0.0000,0.0000
1788372406.923,1.511,2.355,-131.8,-121.3,1.930,0.0000,0.0000
1788372407.142,1.511,2.355,-131.8,-121.3,1.930,0.0000,0.0000
1788372407.366,1.511,2.355,-131.8,-121.3,1.930,0.0000,0.0000
1788372407.570,1.511,2.355,-131.8,-121.3,1.930,0.0000,0.0000
1788372407.776,1.511,2.355,-131.8,-121.3,1.930,0.0000,0.0000
1788372407.999,1.511,2.355,-131.8,-121.3,1.930,0.0000,0.0000
1788372408.206,1.511,2.355,-131.8,-121.3,1.930,0.0000,0.0000
1788372408.419,1.511,2.355,-131.8,-121.3,1.930,0.0000,0.0000
1788372408.628,1.511,2.355,-131.8,-121.3,1.930,0.0000,0.0000
1788372408.856,1.511,2.355,-131.8,-121.3,1.930,0.0000,0.0000
1788372409.063,1.511,2.355,-131.8,-121.3,1.930,0.0000,0.0000
1788372409.270,1.511,2.355,-131.8,-121.3,1.930,0.0000,0.0000
1788372409.495,1.511,2.355,-131.8,-121.3,1.930,0.0000,0.0000
1788372409.712,1.511,2.355,-131.8,-121.3,1.930,0.0000,0.0000
1788372409.922,1.511,2.355,-131.8,-121.3,1.930,0.0000,0.0000
1788372410.127,1.511,2.355,-131.8,-121.3,1.930,0.0000,0.0000
1788372410.371,1.511,2.355,-131.8,-121.3,1.930,0.0000,0.0000
1788372410.585,1.511,2.355,-131.8,-121.3,1.930,0.0000,0.0000
1788372410.795,1.511,2.355,-131.8,-121.3,1.930,0.0000,0.0000
1788372411.016,1.511,2.355,-131.8,-121.3,1.930,0.0000,0.0000
1788372411.245,1.511,2.355,-131.8,-121.3,1.930,0.0000,0.0000
1788372411.454,1.511,2.355,-131.8,-121.3,1.930,0.0000,0.0000
1788372411.663,1.511,2.355,-131.8,-121.3,1.930,0.0000,0.0000
1788372411.892,1.511,2.355,-131.8,-121.3,1.930,0.0000,0.0000
1788372412.099,1.511,2.355,-131.8,-121.3,1.930,0.0000,0.0000
1788372412.318,1.511,2.355,-131.8,-121.3,1.930,0.0000,0.0000
1788372412.530,1.511,2.355,-131.8,-121.3,1.930,0.0000,0.0000
1788372412.835,1.511,2.355,-131.8,-121.3,1.930,0.0000,0.0000
1788372413.061,1.511,2.355,-131.8,-121.3,1.930,0.0000,0.0000
1788372413.270,1.511,2.355,-131.8,-121.3,1.930,0.0000,0.0000
1788372413.502,1.511,2.355,-131.8,-121.3,1.930,0.0000,0.0000
1788372413.707,1.511,2.355,-131.8,-121.3,1.930,0.0000,0.0000
1788372413.913,1.511,2.355,-131.8,-121.3,1.930,0.0000,0.0000
1788372414.128,1.511,2.355,-131.8,-121.3,1.930,0.0000,0.0000
1788372414.350,1.511,2.355,-131.8,-121.3,1.930,0.0000,0.0000
1788372414.558,1.511,2.355,-131.8,-121.3,1.930,0.0000,0.0000
1788372414.773,1.511,2.355,-131.8,-121.3,1.930,0.0000,0.0000
1788372415.002,1.511,2.355,-131.8,-121.3,1.930,0.0000,0.0000
1788372415.217,1.511,2.355,-131.8,-121.3,1.930,0.0000,0.0000
1788372415.425,1.511,2.355,-131.8,-121.3,1.930,0.0000,0.0000
1788372415.646,1.511,2.355,-131.8,-121.3,1.930,0.0000,0.0000
1788372415.871,1.511,2.355,-131.8,-121.3,1.930,0.0000,0.0000
1788372416.076,1.511,2.355,-131.8,-121.3,1.930,0.0000,0.0000
1788372416.283,1.511,2.355,-131.8,-121.3,1.930,0.0000,0.0000
1788372416.503,1.511,2.355,-131.8,-121.3,1.930,0.0000,0.0000
1788372416.724,1.511,2.355,-131.8,-121.3,1.930,0.0000,0.0000
1788372416.929,1.511,2.355,-131.8,-121.3,1.930,0.0000,0.0000
1788372417.141,1.511,2.355,-131.8,-121.3,1.930,0.0000,0.0000
1788372417.375,1.511,2.355,-131.8,-121.3,1.930,0.0000,0.0000
1788372417.585,1.511,2.355,-131.8,-121.3,1.930,0.0000,0.0000
1788372417.793,1.511,2.355,-131.8,-121.3,1.930,0.0000,0.0000
1788372418.004,1.511,2.355,-131.8,-121.3,1.930,0.0000,0.0000
1788372418.229,1.511,2.355,-131.8,-121.3,1.930,0.0000,0.0000
1788372418.436,1.511,2.355,-131.8,-121.3,1.930,0.0000,0.0000
1788372418.642,1.511,2.355,-131.8,-121.3,1.930,0.0000,0.0000
1788372418.865,1.511,2.355,-131.8,-121.3,1.930,0.0000,0.0000
1788372419.083,1.511,2.355,-131.8,-121.3,1.930,0.0000,0.0000
1788372419.291,1.511,2.355,-131.8,-121.3,1.930,0.0000,0.0000
1788372419.498,1.511,2.355,-131.8,-121.3,1.930,0.0000,0.0000
1788372419.726,1.511,2.355,-131.8,-121.3,1.930,0.0000,0.0000
1788372419.934,1.511,2.355,-131.8,-121.3,1.930,0.0000,0.0000
1788372420.143,1.511,2.355,-131.8,-121.3,1.930,0.0000,0.0000
1788372420.364,1.511,2.355,-131.8,-121.3,1.930,0.0000,0.0000
1788372420.589,1.511,2.355,-131.8,-121.3,1.930,0.0000,0.0000
1788372420.796,1.511,2.355,-131.8,-121.3,1.930,0.0000,0.0000
1788372421.011,1.511,2.355,-131.8,-121.3,1.930,0.0000,0.0000
1788372421.240,1.511,2.355,-131.8,-121.3,1.930,0.0000,0.0000
1788372421.459,1.511,2.355,-131.8,-121.3,1.930,0.0000,0.0000
1788372421.666,1.511,2.355,-131.8,-121.3,1.930,0.0000,0.0000
1788372421.875,1.511,2.355,-131.8,-121.3,1.930,0.0000,0.0000
1788372422.106,1.511,2.355,-131.8,-121.3,1.930,0.0000,0.0000
1788372422.316,1.511,2.355,-131.8,-121.3,1.930,0.0000,0.0000
1788372422.524,1.511,2.355,-131.8,-121.3,1.930,0.0000,0.0000
1788372422.765,1.511,2.355,-131.8,-121.3,1.930,0.0000,0.0000
1788372422.995,1.511,2.355,-131.8,-121.3,1.930,0.0000,0.0000
1788372423.204,1.511,2.355,-131.8,-121.3,1.930,0.0000,0.0000
1788372423.415,1.511,2.355,-131.8,-121.3,1.930,0.0000,0.0000
1788372423.636,1.511,2.355,-131.8,-121.3,1.930,0.0000,0.0000
1788372423.851,1.511,2.355,-131.8,-121.3,1.930,0.0000,0.0000
1788372424.057,1.511,2.355,-131.8,-121.3,1.930,0.0000,0.0000
1788372424.269,1.511,2.355,-131.8,-121.3,1.930,0.0000,0.0000
1788372424.504,1.511,2.355,-131.8,-121.3,1.930,0.0000,0.0000
1788372424.714,1.511,2.355,-131.8,-121.3,1.930,0.0000,0.0000
1788372424.924,1.511,2.355,-131.8,-121.3,1.930,0.0000,0.0000
1788372425.149,1.511,2.355,-131.8,-121.3,1.930,0.0000,0.0000
1788372425.372,1.511,2.355,-131.8,-121.3,1.930,0.0000,0.0000
1788372425.580,1.511,2.355,-131.8,-121.3,1.930,0.0000,0.0000
1788372425.784,1.511,2.355,-131.8,-121.3,1.930,0.0000,0.0000
1788372426.015,1.511,2.355,-131.8,-121.3,1.930,0.0000,0.0000
1788372426.226,1.511,2.355,-131.8,-121.3,1.930,0.0000,0.0000
1788372426.436,1.511,2.355,-131.8,-121.3,1.930,0.0000,0.0000
1788372426.653,1.511,2.355,-131.8,-121.3,1.930,0.0000,0.0000
1788372426.873,1.511,2.355,-131.8,-121.3,1.930,0.0000,0.0000
1788372427.081,1.511,2.355,-131.8,-121.3,1.930,0.0000,0.0000
1788372427.289,1.511,2.355,-131.8,-121.3,1.930,0.0000,0.0000
1788372427.514,1.511,2.355,-131.8,-121.3,1.930,0.0000,0.0000
1788372427.732,1.511,2.355,-131.8,-121.3,1.930,0.0000,0.0000
1788372427.940,1.511,2.355,-131.8,-121.3,1.930,0.0000,0.0000
1788372428.150,1.511,2.355,-131.8,-121.3,1.930,0.0000,0.0000
1788372428.378,1.511,2.355,-131.8,-121.3,1.930,0.0000,0.0000
1788372428.616,1.511,2.355,-131.8,-121.3,1.930,0.0000,0.0000
1788372428.832,1.511,2.355,-131.8,-121.3,1.930,0.0000,0.0000
1788372429.074,1.511,2.355,-131.8,-121.3,1.930,0.0000,0.0000
1788372429.310,1.511,2.355,-131.8,-121.3,1.930,0.0000,0.0000
1788372429.522,1.511,2.355,-131.8,-121.3,1.930,0.0000,0.0000
1788372429.734,1.511,2.355,-131.8,-121.3,1.930,0.0000,0.0000
1788372429.965,1.511,2.355,-131.8,-121.3,1.930,0.0000,0.0000
1788372430.169,1.511,2.355,-131.8,-121.3,1.930,0.0000,0.0000
1788372430.377,1.511,2.355,-131.8,-121.3,1.930,0.0000,0.0000
1788372430.591,1.511,2.355,-131.8,-121.3,1.930,0.0000,0.0000
1788372430.814,1.511,2.355,-131.8,-121.3,1.930,0.0000,0.0000
1788372431.022,1.511,2.355,-131.8,-121.3,1.930,0.0000,0.0000
1788372431.228,1.511,2.355,-131.8,-121.3,1.930,0.0000,0.0000
1788372431.461,1.511,2.355,-131.8,-121.3,1.930,0.0000,0.0000
1788372431.668,1.511,2.355,-131.8,-121.3,1.930,0.0000,0.0000
1788372431.875,1.511,2.355,-131.8,-121.3,1.930,0.0000,0.0000
1788372432.084,1.511,2.355,-131.8,-121.3,1.930,0.0000,0.0000
1788372432.330,1.511,2.355,-131.8,-121.3,1.930,0.0000,0.0000
1788372432.549,1.511,2.355,-131.8,-121.3,1.930,0.0000,0.0000
1788372432.763,1.511,2.355,-131.8,-121.3,1.930,0.0000,0.0000
1788372432.995,1.511,2.355,-131.8,-121.3,1.930,0.0000,0.0000
1788372433.223,1.511,2.355,-131.8,-121.3,1.930,0.0000,0.0000
1788372433.435,1.511,2.355,-131.8,-121.3,1.930,0.0000,0.0000
1788372433.641,1.511,2.355,-131.8,-121.3,1.930,0.0000,0.0000
1788372433.879,1.511,2.355,-131.8,-121.3,1.930,0.0000,0.0000
1788372434.088,1.511,2.355,-131.8,-121.3,1.930,0.0000,0.0000
1788372434.299,1.511,2.355,-131.8,-121.3,1.930,0.0000,0.0000
1788372434.518,1.511,2.355,-131.8,-121.3,1.930,0.0000,0.0000
1788372434.739,1.511,2.355,-131.8,-121.3,1.930,0.0000,0.0000
1788372434.948,1.511,2.355,-131.8,-121.3,1.930,0.0000,0.0000
1788372435.158,1.511,2.355,-131.8,-121.3,1.930,0.0000,0.0000
1788372435.382,1.511,2.355,-131.8,-121.3,1.930,0.0000,0.0000
1788372435.593,1.511,2.355,-131.8,-121.3,1.930,0.0000,0.0000
1788372435.801,1.511,2.355,-131.8,-121.3,1.930,0.0000,0.0000
1788372436.009,1.511,2.355,-131.8,-121.3,1.930,0.0000,0.0000
1788372436.241,1.511,2.355,-131.8,-121.3,1.930,0.0000,0.0000
1788372436.449,1.511,2.355,-131.8,-121.3,1.930,0.0000,0.0000
1788372436.657,1.511,2.355,-131.8,-121.3,1.930,0.0000,0.0000
1788372436.882,1.511,2.355,-131.8,-121.3,1.930,0.0000,0.0000
1788372437.094,1.511,2.355,-131.8,-121.3,1.930,0.0000,0.0000
1788372437.302,1.511,2.355,-131.8,-121.3,1.930,0.0000,0.0000
1788372437.510,1.511,2.355,-131.8,-121.3,1.930,0.0000,0.0000
1788372437.739,1.511,2.355,-131.8,-121.3,1.930,0.0000,0.0000
1788372437.948,1.511,2.355,-131.8,-121.3,1.930,0.0000,0.0000
1788372438.160,1.511,2.355,-131.8,-121.3,1.930,0.0000,0.0000
1788372438.374,1.511,2.355,-131.8,-121.3,1.930,0.0000,0.0000
1788372438.609,1.511,2.355,-131.8,-121.3,1.930,0.0000,0.0000
1788372438.818,1.511,2.355,-131.8,-121.3,1.930,0.0000,0.0000
1788372439.027,1.511,2.355,-131.8,-121.3,1.930,0.0000,0.0000
1788372439.259,1.511,2.355,-131.8,-121.3,1.930,0.0000,0.0000
