nav_id,start_ts,end_ts,duration_s,status,start_x,start_y,end_x,end_y,end_yaw,initial_plan_length_m,replans,rec_backup,rec_spin,rec_wait,distance_traveled_m,avg_linear_speed,max_linear_speed,time_stopped_s,direction_reversals
8f8993b0,9.010,43.010,34.00,SUCCEEDED,0.000,0.000,-3.063,-3.521,-0.351,4.539,33,0,0,0,5.508,0.162,0.350,9.213,2
5a123d68,51.712,68.323,16.61,SUCCEEDED,-3.061,-3.522,-0.870,-0.690,-1.247,3.499,16,0,0,0,3.738,0.225,0.350,3.984,0
0585a0c1,89.196,94.140,4.94,ABORTED,-0.870,-0.690,-1.010,-1.577,-2.230,0.946,4,0,0,0,0.918,0.187,0.350,0.000,0
1a7a1d8d,94.140,126.188,32.05,ABORTED,-1.010,-1.577,0.000,0.000,0.000,5.329,15,1,1,1,6.517,0.203,0.350,4.015,2
3423c44d,126.188,143.128,16.94,SUCCEEDED,-4.962,-4.615,-2.481,-2.358,1.040,3.247,16,0,0,0,3.607,0.213,0.350,3.300,0
b6e1f6b8,165.434,165.862,0.43,SUCCEEDED,-2.481,-2.358,-2.470,-2.334,1.196,0.149,0,0,0,0,0.026,0.060,0.092,0.029,0
71dbad26,167.381,174.300,6.92,SUCCEEDED,-2.470,-2.334,-2.440,-0.314,1.708,2.101,6,0,0,0,2.028,0.293,0.350,0.000,0
633693b7,8.231,38.764,30.53,SUCCEEDED,0.000,0.000,-3.824,-3.852,-0.343,5.494,29,0,0,0,5.679,0.187,0.350,9.331,0
94a57414,45.513,84.755,39.24,SUCCEEDED,-3.824,-3.852,-3.855,-0.258,0.160,3.653,38,0,0,0,5.152,0.132,0.350,14.331,4
55691396,91.313,105.858,14.55,SUCCEEDED,-3.855,-0.258,-2.091,-2.641,-0.685,3.065,14,0,0,0,3.006,0.207,0.350,1.744,0
7e8c19a2,112.440,114.363,1.92,SUCCEEDED,-2.091,-2.641,-2.082,-2.663,-0.666,0.185,1,0,0,0,0.024,0.012,0.127,1.504,0
b8fcd3d4,115.873,133.552,17.68,SUCCEEDED,-2.082,-2.663,-4.015,-0.228,1.803,3.248,17,0,0,0,3.158,0.179,0.350,4.775,0
4e672934,147.692,200.312,52.62,SUCCEEDED,-4.015,-0.228,0.340,-0.613,-0.001,4.432,50,0,0,0,6.500,0.124,0.350,19.044,6
48cd95c6,32.600,36.896,4.30,CANCELED,0.000,0.000,0.000,0.000,0.000,7.183,4,0,0,0,0.000,0.000,0.000,4.147,0
a49431a0,48.149,95.130,46.98,SUCCEEDED,0.000,0.000,0.308,-2.447,-2.936,2.609,46,0,0,0,4.205,0.090,0.350,23.368,2
a32ab5b0,96.626,121.271,24.64,SUCCEEDED,0.308,-2.447,-4.948,-1.979,1.815,5.350,24,0,0,0,5.276,0.214,0.350,1.712,0
6cb7524d,65.427,65.459,0.03,ABORTED,0.000,0.000,0.000,0.000,0.000,0.000,0,0,0,0,0.000,0.000,0.000,0.000,0
6dc0eeac,274.854,274.876,0.02,ABORTED,-0.000,0.000,-0.000,0.000,-0.000,0.000,0,0,0,0,0.000,0.000,0.000,0.000,0
8b57d1d3,98.718,419.141,320.42,SUCCEEDED,0.000,0.000,-3.922,-1.743,2.779,9.809,254,4,3,4,12.600,0.039,0.350,236.640,18
c5823248,218.124,447.314,229.19,ABORTED,-0.000,0.000,-0.472,-2.159,-2.490,9.893,149,3,4,4,6.286,0.028,0.350,155.846,8
91f13ba3,447.314,842.880,395.57,ABORTED,-0.472,-2.159,0.000,0.000,0.000,3.003,12,0,21,22,2.463,0.006,1.000,380.392,0
a495fd9d,842.880,860.899,18.02,SUCCEEDED,0.225,-1.615,0.265,-1.512,-0.140,0.194,17,0,0,0,1.157,0.064,0.966,10.514,4
a8ff5e5b,882.989,908.766,25.78,SUCCEEDED,0.579,-0.162,-0.678,-2.097,2.689,2.551,25,0,0,0,2.416,0.095,0.350,7.415,0
623f8ad2,910.271,935.126,24.86,SUCCEEDED,-0.678,-2.097,-4.002,0.895,1.909,4.711,24,0,0,0,4.505,0.182,0.350,3.297,0
2d61169a,940.316,1023.435,83.12,SUCCEEDED,-4.003,0.898,-2.161,1.863,-0.067,2.810,81,1,0,0,5.272,0.064,0.350,38.150,8
c67baa83,33.961,156.744,122.78,SUCCEEDED,0.000,0.000,0.145,-2.077,-2.998,2.635,104,1,1,1,4.500,0.037,0.350,80.772,8
4abb8d01,158.245,265.862,107.62,SUCCEEDED,0.145,-2.077,-3.943,0.665,1.587,5.379,101,1,0,1,7.931,0.074,0.350,37.121,8
3098170b,33.189,33.348,0.16,CANCELED,0.000,0.000,-0.000,0.000,-0.177,2.618,0,0,0,0,0.000,0.000,0.000,0.100,0
64e56c53,42.389,67.105,24.72,SUCCEEDED,-0.000,-0.000,0.382,-4.060,-1.151,4.417,24,0,0,0,4.112,0.166,0.250,5.943,0
63f1c836,75.686,113.319,37.63,SUCCEEDED,0.382,-4.060,1.144,-0.556,0.017,4.110,37,0,0,0,4.364,0.116,0.250,15.521,2
270c8816,34.061,62.795,28.73,SUCCEEDED,0.000,0.000,0.500,-3.977,-1.268,4.320,28,0,0,0,4.048,0.141,0.250,9.643,0
6291592d,71.470,115.743,44.27,SUCCEEDED,0.500,-3.977,0.864,-0.480,0.242,4.060,44,0,0,0,4.992,0.113,0.250,19.805,3
74101da8,30.367,52.822,22.46,SUCCEEDED,0.000,0.000,0.586,-3.863,-1.678,4.131,22,0,0,0,3.924,0.175,0.250,6.202,0
bade936a,61.835,94.512,32.68,SUCCEEDED,0.586,-3.863,1.197,-0.285,0.258,3.988,32,0,0,0,4.524,0.139,0.250,13.202,2
45c82f84,15.864,39.482,23.62,SUCCEEDED,0.000,0.000,0.538,-4.027,-1.577,4.308,23,0,0,0,4.087,0.173,0.250,6.104,0
8d07dd1b,48.528,81.361,32.83,SUCCEEDED,0.538,-4.027,1.041,-0.303,0.187,4.060,32,0,0,0,4.578,0.140,0.250,13.353,1
f5c20fd2,19.365,42.348,22.98,SUCCEEDED,0.000,0.000,0.573,-3.881,-1.458,4.196,22,0,0,0,3.926,0.171,0.250,5.401,0
3a6ae90c,50.171,85.550,35.38,SUCCEEDED,0.573,-3.881,1.205,-0.223,-0.069,4.177,35,0,0,0,4.698,0.133,0.250,15.009,1
9d98868a,145.349,176.351,31.00,SUCCEEDED,1.205,-0.223,0.238,-2.214,-2.924,2.675,31,0,0,0,3.225,0.104,0.250,17.096,1
65286c3e,177.811,193.673,15.86,SUCCEEDED,0.238,-2.214,-3.023,-1.709,2.988,3.470,15,0,0,0,3.299,0.208,0.250,0.601,0
f394661d,31.085,56.848,25.76,SUCCEEDED,0.000,0.000,0.569,-4.184,-1.594,4.410,25,0,0,0,4.236,0.165,0.250,7.596,0
6f44ccea,63.881,97.830,33.95,SUCCEEDED,0.569,-4.184,1.115,-0.265,0.240,4.245,34,0,0,0,4.887,0.144,0.250,12.941,1
502217d8,23.646,62.206,38.56,SUCCEEDED,0.000,0.000,0.590,-3.968,-1.297,4.173,38,0,0,0,4.273,0.111,0.250,19.395,0
687111de,80.867,131.541,50.67,SUCCEEDED,0.590,-3.968,1.051,-0.277,0.234,4.372,50,0,0,0,5.403,0.107,0.250,24.748,2
43a34027,31.645,67.666,36.02,SUCCEEDED,0.000,0.000,0.280,-2.410,-2.896,2.604,35,0,0,0,2.736,0.076,0.250,22.960,0
dec44f3e,69.156,103.524,34.37,SUCCEEDED,0.280,-2.410,-4.644,-0.378,2.630,5.777,34,0,0,0,5.611,0.163,0.250,9.986,0
8c0f8d2e,43.986,81.770,37.78,SUCCEEDED,0.000,0.000,0.509,-3.922,-1.286,4.171,37,0,0,0,4.216,0.112,0.250,18.991,0
5566379d,102.772,122.254,19.48,SUCCEEDED,0.510,-3.926,0.480,-2.503,2.751,1.561,19,0,0,0,1.427,0.073,0.250,12.969,0
aa38d9aa,123.737,291.899,168.16,ABORTED,0.480,-2.503,0.000,0.000,0.000,4.007,118,2,2,2,2.030,0.012,0.250,157.451,2
466b588e,14.055,49.052,35.00,SUCCEEDED,0.000,0.000,0.315,-2.409,-2.856,2.626,34,0,0,0,2.738,0.078,0.250,22.039,0
b892abd4,50.544,83.696,33.15,SUCCEEDED,0.315,-2.409,-1.740,-4.028,-2.900,4.128,33,0,0,0,3.748,0.113,0.250,15.916,0
34b77a2b,93.205,120.902,27.70,SUCCEEDED,-1.740,-4.028,-3.043,0.221,2.616,4.662,27,0,0,0,4.484,0.162,0.250,8.658,0
12f4fa76,139.217,163.223,24.01,SUCCEEDED,-3.044,0.221,-2.877,-3.242,-1.658,3.711,24,0,0,0,3.581,0.149,0.250,8.673,0
f468d8b4,169.201,196.457,27.26,SUCCEEDED,-2.877,-3.242,-1.550,-0.309,0.145,3.746,27,0,0,0,3.325,0.122,0.250,12.645,0
fc823105,266.277,360.276,94.00,SUCCEEDED,0.123,-0.509,1.613,-2.674,-1.086,5.097,87,1,0,0,9.128,0.097,0.250,54.213,10
247f0e5e,116.916,151.249,34.33,SUCCEEDED,0.000,-0.000,0.332,-2.436,-2.894,2.626,34,0,0,0,2.735,0.080,0.250,21.498,0
05398ff0,152.748,188.550,35.80,SUCCEEDED,0.332,-2.436,-5.031,-3.964,2.978,6.159,35,0,0,0,5.831,0.163,0.250,10.265,0
f0fa7608,195.250,226.519,31.27,SUCCEEDED,-5.031,-3.964,-3.268,0.005,0.221,4.789,31,0,0,0,4.492,0.144,0.250,12.105,0
667cfcd8,35.920,282.142,246.22,ABORTED,0.000,0.000,0.000,0.000,0.000,6.022,186,2,4,4,7.505,0.030,0.982,8.827,26
667cfcd8,35.920,282.142,246.22,ABORTED,0.000,0.000,0.007,-0.036,-0.825,6.022,186,2,4,4,7.505,0.030,0.982,8.827,26
d8e3f6aa,24.531,97.439,72.91,SUCCEEDED,0.000,0.000,-4.067,-1.760,2.665,6.433,67,1,0,0,7.109,0.098,0.250,41.397,2
65d81995,229.137,298.337,69.20,SUCCEEDED,-4.067,-1.760,0.480,-4.039,-1.335,5.325,71,0,0,0,7.748,0.112,0.250,36.149,5
521bd90c,145.244,391.916,246.67,SUCCEEDED,-0.000,0.000,-8.245,-0.192,-0.032,18.895,240,1,1,1,25.432,0.103,0.300,151.490,12
e96206a9,393.386,502.213,108.83,SUCCEEDED,-8.245,-0.192,-7.028,-5.791,-0.757,13.218,111,0,0,0,12.194,0.112,0.300,63.788,0
edd1c776,503.679,672.403,168.72,SUCCEEDED,-7.028,-5.791,-0.265,-9.804,0.712,19.343,159,1,0,1,21.695,0.129,0.300,89.156,6
eabd50da,673.462,823.031,149.57,SUCCEEDED,-0.265,-9.804,-2.125,-6.871,2.442,16.461,209,0,0,0,21.456,0.144,0.300,70.470,10
bc354746,824.061,1002.762,178.70,SUCCEEDED,-2.125,-6.871,-8.283,0.802,-0.859,19.854,257,0,0,0,22.667,0.127,0.300,95.454,6
2bffc320,1003.932,1174.675,170.74,SUCCEEDED,-8.283,0.802,1.550,-4.961,-2.821,24.652,193,0,0,0,24.719,0.145,0.300,82.192,2
189bef12,1176.133,1360.998,184.87,SUCCEEDED,1.550,-4.961,0.495,-2.861,1.854,15.002,181,1,0,1,21.095,0.114,0.300,105.643,10
a7383f18,1362.467,1551.055,188.59,SUCCEEDED,0.495,-2.861,0.200,-9.800,3.088,18.210,175,1,1,1,22.528,0.120,0.300,105.615,12
8b26eec5,20.880,199.627,178.75,SUCCEEDED,0.000,0.000,-8.009,-0.228,-0.569,18.895,184,0,0,0,23.106,0.129,0.300,92.482,10
cb208c30,201.062,330.723,129.66,SUCCEEDED,-8.009,-0.228,-6.380,-5.657,-0.443,12.977,121,1,0,1,12.420,0.096,0.300,76.951,0
bb87d636,332.156,499.499,167.34,SUCCEEDED,-6.380,-5.657,0.021,-10.095,0.800,19.371,157,1,0,1,20.514,0.123,0.300,92.726,4
25c85505,500.969,601.198,100.23,SUCCEEDED,0.021,-10.095,-1.324,-7.017,2.272,16.418,104,0,0,0,15.872,0.159,0.300,43.609,0
e34d4b4f,602.608,802.004,199.40,SUCCEEDED,-1.324,-7.017,-6.080,1.385,-0.999,19.882,188,1,0,1,24.123,0.121,0.300,109.924,8
0d985583,803.451,946.643,143.19,SUCCEEDED,-6.080,1.385,2.389,-5.706,-2.920,24.747,146,0,0,0,23.624,0.165,0.300,59.338,0
599bbe67,948.102,1086.491,138.39,SUCCEEDED,2.389,-5.706,1.414,-2.963,1.235,15.032,142,0,0,0,18.079,0.131,0.300,70.720,6
ad04ea26,1087.945,1210.525,122.58,SUCCEEDED,1.414,-2.963,1.950,-10.087,-3.111,17.998,126,0,0,0,17.983,0.147,0.300,58.334,2
c634dbb0,145.108,299.407,154.30,SUCCEEDED,-0.000,0.000,-8.168,-0.534,-0.458,18.895,191,0,0,0,20.181,0.131,0.300,79.331,4
8c43207b,300.851,397.021,96.17,SUCCEEDED,-8.168,-0.534,-5.869,-6.020,-0.549,12.989,99,0,0,0,11.990,0.125,0.300,52.046,0
c8066d98,398.480,519.776,121.30,SUCCEEDED,-5.869,-6.020,1.526,-8.274,1.314,19.230,126,0,0,0,18.741,0.155,0.300,55.328,0
a33de3be,521.237,623.399,102.16,SUCCEEDED,1.526,-8.274,-1.146,-6.242,2.802,16.392,105,0,0,0,15.891,0.156,0.300,44.571,0
9985ff55,624.850,758.727,133.88,SUCCEEDED,-1.146,-6.242,-9.344,-1.587,-0.897,19.824,137,0,0,0,19.744,0.148,0.300,61.813,2
7e54c6c1,760.155,923.247,163.09,SUCCEEDED,-9.344,-1.587,1.468,-1.240,-2.174,24.426,166,0,0,0,24.202,0.149,0.300,76.223,2
cd8bd970,924.709,1122.458,197.75,SUCCEEDED,1.468,-1.240,-0.918,-0.295,2.388,15.073,198,1,0,1,21.105,0.107,0.300,118.749,10
64b5b08d,1123.929,1231.485,107.56,SUCCEEDED,-0.918,-0.295,2.789,-6.099,-2.587,18.250,111,0,0,0,17.707,0.165,0.300,44.503,0
808fcc10,10.710,213.897,203.19,SUCCEEDED,0.000,0.000,-7.981,-0.030,-0.595,18.895,200,1,0,0,22.688,0.112,0.300,119.637,8
f42cc620,215.351,350.974,135.62,SUCCEEDED,-7.981,-0.030,-6.549,-5.490,-0.264,13.003,124,1,0,1,12.617,0.093,0.300,88.703,0
efb7408b,352.401,470.546,118.15,SUCCEEDED,-6.549,-5.490,-0.230,-10.212,0.937,19.280,122,0,0,0,18.977,0.161,0.300,51.404,0
e5feaf5d,472.017,567.272,95.25,SUCCEEDED,-0.230,-10.212,-1.866,-7.304,2.383,16.409,98,0,0,0,15.910,0.167,0.300,38.776,0
fb7a3289,568.728,758.181,189.45,SUCCEEDED,-1.866,-7.304,-7.642,0.460,-1.367,19.880,193,1,0,0,23.177,0.123,0.300,104.106,8
e45878cc,759.621,906.306,146.68,SUCCEEDED,-7.642,0.460,2.306,-3.919,-2.644,24.414,151,0,0,0,23.286,0.159,0.300,63.771,0
3b0cae23,907.764,1056.694,148.93,SUCCEEDED,2.306,-3.919,0.574,-1.680,1.451,15.022,152,1,0,0,17.932,0.121,0.300,82.657,6
1b69bad5,1058.142,1195.213,137.07,SUCCEEDED,0.574,-1.680,2.724,-8.438,-2.842,17.968,141,0,0,0,17.422,0.127,0.300,72.451,0
1be94552,6.923,198.928,192.01,SUCCEEDED,-0.000,-0.000,-8.359,-0.027,-0.110,18.895,182,1,0,1,20.631,0.108,0.300,115.588,4
53e5627e,200.388,330.940,130.55,SUCCEEDED,-8.359,-0.027,-7.878,-5.557,-0.704,13.183,119,1,0,1,12.722,0.098,0.300,83.361,0
6657f487,332.418,460.156,127.74,SUCCEEDED,-7.878,-5.557,-2.908,-11.518,0.591,19.315,127,0,0,0,19.322,0.152,0.300,58.569,0
b5d86ee3,461.653,562.639,100.99,SUCCEEDED,-2.908,-11.518,-3.581,-8.174,2.066,16.462,103,0,0,0,15.984,0.158,0.300,43.864,0
a1638336,564.107,712.068,147.96,SUCCEEDED,-3.581,-8.174,-6.830,0.801,-1.651,19.870,150,0,0,0,20.960,0.142,0.300,72.563,4
b80ce04b,713.534,924.883,211.35,SUCCEEDED,-6.830,0.801,1.804,-6.454,3.076,24.444,201,1,0,1,25.357,0.120,0.300,117.679,4
72106af7,926.336,1078.143,151.81,SUCCEEDED,1.804,-6.454,1.330,-3.851,1.340,15.159,140,1,0,1,17.082,0.113,0.300,88.793,4
fd7849a0,1079.596,1195.569,115.97,SUCCEEDED,1.330,-3.851,-1.937,-9.990,2.635,18.291,118,0,0,0,17.759,0.154,0.300,52.596,0
85674e00,51.330,207.835,156.50,SUCCEEDED,0.000,0.000,-7.939,0.270,-0.211,19.268,158,1,0,0,20.497,0.131,0.300,81.218,4
8a63f3f8,209.298,276.472,67.17,SUCCEEDED,-7.939,0.270,-8.263,-4.824,-1.198,13.520,70,0,0,0,12.466,0.186,0.300,22.351,0
ac8e01a1,277.929,370.826,92.90,SUCCEEDED,-8.263,-4.824,-4.182,-10.695,0.498,19.494,95,0,0,0,18.781,0.203,0.300,27.001,0
57e8f491,372.287,476.221,103.93,SUCCEEDED,-4.182,-10.695,-4.677,-7.314,1.961,16.594,111,0,0,0,15.988,0.154,0.300,46.376,0
31c83b99,477.648,585.855,108.21,SUCCEEDED,-4.677,-7.314,-6.581,2.344,-1.838,20.192,110,0,0,0,19.348,0.179,0.300,38.093,0
07550759,587.306,718.860,131.55,SUCCEEDED,-6.581,2.344,-0.812,-6.744,2.728,24.970,134,0,0,0,23.946,0.183,0.300,45.526,0
4612d16a,720.306,817.041,96.74,SUCCEEDED,-0.812,-6.744,-0.864,-4.808,0.927,15.369,99,0,0,0,15.195,0.158,0.300,41.096,0
5054ff81,818.496,917.038,98.54,SUCCEEDED,-0.864,-4.808,-6.741,-8.769,2.134,18.578,102,0,0,0,17.670,0.180,0.300,34.297,0
7096de87,125.244,533.431,408.19,SUCCEEDED,-0.000,-0.000,-8.351,0.226,-0.778,19.274,373,1,4,4,24.817,0.061,0.300,281.566,14
a14ab7eb,534.820,702.334,167.51,SUCCEEDED,-8.351,0.226,-8.317,-5.134,-0.856,13.525,168,1,0,1,13.478,0.081,0.300,98.949,2
26f467c7,703.734,826.275,122.54,SUCCEEDED,-8.317,-5.134,-4.124,-10.978,0.332,19.546,132,0,0,0,19.852,0.162,0.300,48.096,2
0693bd3c,827.644,869.491,41.85,ABORTED,-4.124,-10.978,0.000,0.000,0.000,16.649,46,0,0,0,9.018,0.216,0.300,9.003,0
0693bd3c,827.644,869.491,41.85,ABORTED,-4.124,-10.978,2.283,-7.432,2.687,16.649,46,0,0,0,9.018,0.216,0.300,9.003,0
0a440df9,193.197,419.353,226.16,SUCCEEDED,-0.000,0.000,-10.807,-3.602,-0.183,19.330,226,1,1,1,21.244,0.094,0.300,123.368,4
424e450c,420.747,494.299,73.55,SUCCEEDED,-10.807,-3.602,-7.865,-8.062,-0.438,13.360,80,0,0,0,12.221,0.167,0.300,25.250,0
dfe3854a,495.659,590.777,95.12,SUCCEEDED,-7.865,-8.062,-0.725,-9.634,1.252,19.502,105,0,0,0,18.895,0.199,0.300,22.882,0
ab190815,592.137,679.816,87.68,SUCCEEDED,-0.725,-9.634,-3.447,-7.567,2.748,16.574,98,0,0,0,16.013,0.183,0.300,28.426,0
5ffb9b2f,681.142,790.368,109.23,SUCCEEDED,-3.447,-7.567,-11.294,-1.755,-1.053,20.208,120,0,0,0,19.438,0.178,0.300,33.566,0
d9197d86,791.761,950.232,158.47,SUCCEEDED,-11.294,-1.755,-0.829,-4.144,-2.876,24.915,171,0,0,0,24.660,0.156,0.300,61.455,2
5560cbe2,951.624,1061.052,109.43,SUCCEEDED,-0.829,-4.144,-2.050,-1.987,1.625,15.322,120,0,0,0,14.981,0.137,0.300,50.592,0
2bbeb071,1062.445,1172.887,110.44,SUCCEEDED,-2.050,-1.987,-3.554,-9.007,2.868,18.596,119,0,0,0,18.369,0.167,0.300,39.032,2
27789418,210.741,393.211,182.47,SUCCEEDED,-0.000,0.000,-7.656,0.041,-0.604,19.365,172,1,1,1,18.395,0.101,0.300,99.993,0
e3d503ea,394.579,470.204,75.62,SUCCEEDED,-7.656,0.041,-6.547,-5.351,-0.791,13.339,84,0,0,0,12.287,0.163,0.300,28.952,0
e0853c4b,471.588,493.538,21.95,ABORTED,-6.547,-5.351,0.000,0.000,0.000,19.612,23,0,0,0,3.626,0.166,0.300,8.330,0
e0853c4b,471.588,493.538,21.95,ABORTED,-6.547,-5.351,-3.226,-5.983,0.915,19.612,23,0,0,0,3.626,0.166,0.300,8.330,0
259f4fe9,61.235,94.288,33.05,SUCCEEDED,-0.000,-0.000,-5.893,0.942,0.250,6.307,32,0,0,0,6.014,0.182,0.300,10.122,0
3d3ec10c,153.778,182.780,29.00,SUCCEEDED,-5.893,0.942,0.304,0.349,0.265,6.786,28,0,0,0,6.636,0.229,0.300,5.949,0
1b006c50,184.277,212.793,28.52,SUCCEEDED,0.304,0.349,-5.627,1.491,2.500,6.588,28,0,0,0,6.387,0.224,0.300,6.147,0
418a39e9,9.455,47.813,38.36,SUCCEEDED,-0.000,-0.000,3.105,-0.397,1.873,6.482,163,0,0,0,6.255,0.164,0.300,14.726,0
e4c643b5,48.158,74.501,26.34,SUCCEEDED,3.082,-0.326,0.271,-1.966,1.655,4.504,113,0,0,0,4.136,0.158,0.300,10.581,0
e8ff4c5b,5.151,49.728,44.58,SUCCEEDED,-0.000,-0.000,3.193,-0.431,1.799,6.482,190,0,0,0,6.339,0.143,0.300,20.421,0
ae3fea09,50.066,82.633,32.57,SUCCEEDED,3.176,-0.358,0.262,-1.823,1.557,4.582,142,0,0,0,4.916,0.152,0.300,13.654,2
a01c19c4,11.084,163.973,152.89,ABORTED,-0.000,-0.000,0.000,0.000,0.000,6.818,491,1,2,2,6.417,0.042,0.300,127.375,6
a01c19c4,11.084,163.973,152.89,ABORTED,-0.000,-0.000,3.245,-1.396,-0.024,6.818,491,1,2,2,6.417,0.042,0.300,127.375,6
eb0c24ce,25.065,83.157,58.09,ABORTED,-0.000,-0.000,0.000,0.000,0.000,6.818,237,1,0,0,6.743,0.117,0.300,30.882,5
eb0c24ce,25.065,83.157,58.09,ABORTED,-0.000,-0.000,3.000,-2.071,1.252,6.818,237,1,0,0,6.743,0.117,0.300,30.882,5
547ff99e,10.768,146.242,135.47,SUCCEEDED,-0.000,-0.000,2.707,-0.470,-0.061,6.818,444,2,1,1,13.539,0.100,0.300,79.809,22
3cdbf516,146.609,205.921,59.31,ABORTED,2.707,-0.470,0.000,0.000,0.000,6.725,242,1,0,0,8.054,0.137,0.300,26.675,2
3cdbf516,146.609,205.921,59.31,ABORTED,2.707,-0.470,1.033,1.968,1.411,6.725,242,1,0,0,8.054,0.137,0.300,26.675,2
33a565a6,9.037,53.873,44.84,SUCCEEDED,-0.000,-0.000,2.652,-0.059,0.250,6.818,194,0,0,0,6.697,0.150,0.300,17.445,0
a505d53f,54.212,91.374,37.16,SUCCEEDED,2.652,-0.059,0.702,0.547,2.493,7.072,162,0,0,0,6.311,0.171,0.300,12.773,0
7785b40e,8.546,57.978,49.43,SUCCEEDED,-0.000,-0.000,2.649,-0.081,-0.034,6.818,214,0,0,0,7.002,0.142,0.300,21.731,1
f032e044,58.322,97.837,39.52,SUCCEEDED,2.649,-0.081,0.259,0.471,2.636,7.067,172,0,0,0,6.769,0.172,0.300,11.595,0
a63569f3,4.526,52.545,48.02,SUCCEEDED,-0.000,-0.000,2.520,-0.289,0.272,6.818,206,0,0,0,7.006,0.147,0.300,17.643,2
56f7ee5c,52.886,98.169,45.28,SUCCEEDED,2.520,-0.289,0.605,0.452,2.500,7.005,197,0,0,0,6.880,0.153,0.300,17.915,2
85fcf42e,4.903,4.908,0.00,ABORTED,0.000,0.000,0.000,0.000,0.000,0.000,0,0,0,0,0.000,0.000,0.000,0.000,0
55a4dcfa,5.571,5.575,0.00,ABORTED,0.000,0.000,0.000,0.000,0.000,0.000,0,0,0,0,0.000,0.000,0.000,0.000,0
46670a2e,6.232,6.236,0.00,ABORTED,0.000,-0.000,0.000,-0.000,0.000,0.000,0,0,0,0,0.000,0.000,0.000,0.000,0
a98972a4,7.120,7.122,0.00,ABORTED,-0.000,-0.000,-0.000,-0.000,0.000,0.000,0,0,0,0,0.000,0.000,0.000,0.000,0
e3f59f44,9.031,22.296,13.27,CANCELED,0.000,0.000,0.762,-2.978,-1.477,7.328,70,0,0,0,3.091,0.234,0.300,2.688,0
faf9b577,123.166,153.019,29.85,SUCCEEDED,0.762,-2.979,-1.593,-5.958,-1.290,4.357,165,0,0,0,4.212,0.142,0.300,12.921,0
5fc3bcdd,36.793,60.993,24.20,CANCELED,0.000,0.000,0.812,-5.688,-1.727,10.539,23,0,0,0,5.822,0.241,0.300,4.277,0
4a237363,36.362,124.982,88.62,SUCCEEDED,0.000,0.000,11.565,-9.696,-0.396,21.661,86,0,0,0,21.459,0.242,0.300,14.381,0
c6bc1e3c,546.473,560.636,14.16,CANCELED,11.670,-9.740,11.727,-10.276,2.950,0.000,0,1,1,1,1.243,0.087,0.220,8.432,0
2de3ee55,567.328,627.440,60.11,SUCCEEDED,11.727,-10.276,25.075,-13.983,1.047,14.464,59,0,0,0,14.156,0.236,0.300,11.238,0
1959a7fd,672.494,747.056,74.56,SUCCEEDED,25.075,-13.983,27.783,-8.519,2.732,16.520,73,0,0,0,16.335,0.219,0.300,17.000,0
d0ec6ff2,761.241,962.499,201.26,SUCCEEDED,27.783,-8.519,16.081,-1.335,2.329,18.261,197,0,0,0,46.787,0.233,0.300,39.344,0
6faa3d67,1086.495,1290.494,204.00,SUCCEEDED,15.997,-1.246,43.206,-39.741,-0.915,51.829,199,0,0,0,51.956,0.255,0.300,26.207,0
ff407a32,1894.380,1896.694,2.31,CANCELED,43.206,-39.741,43.206,-39.741,-2.711,73.626,2,0,0,0,0.000,0.000,0.000,2.100,0
1bd93f24,59.374,179.218,119.84,ABORTED,0.000,0.000,0.000,0.000,0.000,0.000,0,5,4,4,1.656,0.014,0.250,2.681,2
3eb3fa63,179.218,788.619,609.40,SUCCEEDED,0.969,-0.000,20.657,12.961,-1.543,74.893,448,2,3,3,115.153,0.189,0.300,181.433,1
d9a27184,32.070,669.591,637.52,SUCCEEDED,0.000,0.000,52.756,-16.353,-1.693,85.074,529,2,6,6,93.958,0.148,0.300,246.349,20
fd6a769e,672.161,724.479,52.32,CANCELED,52.756,-16.353,60.042,-20.125,-2.933,85.235,47,0,0,0,9.129,0.175,0.300,17.322,0
d6dc5d2e,887.400,1021.116,133.72,ABORTED,60.042,-20.125,0.000,0.000,0.000,0.000,0,6,6,7,12.661,0.095,0.300,64.184,12
bedaaf9d,1021.116,1053.979,32.86,SUCCEEDED,52.375,-17.585,52.493,-16.691,-2.115,0.462,19,0,1,0,0.952,0.029,0.300,20.821,0
f8eec785,31.908,294.633,262.73,SUCCEEDED,0.000,0.000,54.318,-19.964,-0.326,66.370,255,0,0,0,65.834,0.251,0.300,36.915,0
5192ae4b,296.137,551.521,255.38,SUCCEEDED,54.318,-19.964,5.657,4.000,0.975,64.013,248,0,0,0,63.307,0.248,0.300,32.286,0
82e6e497,957.951,1280.621,322.67,SUCCEEDED,5.657,4.000,49.903,-28.851,1.924,77.871,298,0,0,0,76.962,0.239,0.300,49.777,0
f7c649ac,1282.125,1501.402,219.28,ABORTED,49.903,-28.851,0.000,0.000,0.000,78.335,202,1,0,1,47.738,0.218,0.300,44.575,2
f7c649ac,1282.125,1501.402,219.28,ABORTED,49.903,-28.851,27.671,-5.154,1.823,78.335,202,1,0,1,47.738,0.218,0.300,44.575,2
82fca2c2,18.396,349.471,331.07,SUCCEEDED,0.000,0.000,56.389,-9.508,2.376,80.108,307,0,0,0,79.767,0.241,0.300,52.519,0
3acde994,350.974,669.922,318.95,SUCCEEDED,56.389,-9.508,16.155,21.892,0.565,78.293,306,0,0,0,77.683,0.244,0.300,47.966,0
d769cab6,13.933,380.493,366.56,SUCCEEDED,0.000,0.000,56.399,-13.286,2.232,80.108,341,0,0,0,79.522,0.217,0.300,88.099,0
33bf7b28,382.005,697.198,315.19,ABORTED,56.399,-13.286,0.000,0.000,0.000,78.320,303,0,0,0,74.537,0.237,0.300,56.157,0
33bf7b28,382.005,697.198,315.19,ABORTED,56.399,-13.286,15.938,20.005,0.116,78.320,303,0,0,0,74.537,0.237,0.300,56.157,0
7d20c963,17.591,345.786,328.19,SUCCEEDED,0.000,0.000,55.975,-5.578,2.557,80.108,301,0,0,1,79.978,0.244,0.300,47.134,0
a457a308,347.295,647.312,300.02,SUCCEEDED,55.975,-5.578,9.011,17.189,1.142,78.267,289,0,0,0,77.610,0.259,0.300,33.146,0
037f792b,36.081,36.164,0.08,ABORTED,0.000,0.000,0.000,0.000,0.000,0.000,0,0,0,0,0.000,0.000,0.000,0.000,0
25c4f005,131.377,245.887,114.51,CANCELED,-0.000,-0.000,4.201,1.442,-0.139,78.738,68,1,2,3,5.154,0.045,0.300,84.327,0
7edddf94,296.448,358.806,62.36,POWERLOSS,4.201,1.442,4.201,1.442,-0.139,37.580,56,0,0,1,0.000,0.000,0.000,62.269,0
7d7be131,41.966,76.093,34.13,POWERLOSS,0.000,0.000,-1.623,-6.436,-1.920,35.870,36,0,0,0,7.539,0.220,0.300,7.900,0
297b90c9,28.592,243.116,214.52,ABORTED,-0.000,0.000,2.606,-7.763,-0.003,35.392,195,2,1,2,12.212,0.059,0.300,104.079,0
297b90c9,28.592,243.116,214.52,ABORTED,-0.000,0.000,2.709,-7.769,-0.175,35.392,195,2,1,2,12.212,0.059,0.300,104.079,0
af96f23b,48.531,184.451,135.92,SUCCEEDED,0.000,0.000,24.801,-12.525,-0.679,35.451,133,0,0,0,35.306,0.260,0.300,14.600,0
d66fe240,185.954,320.959,135.00,SUCCEEDED,24.802,-12.526,3.768,1.348,1.188,34.116,133,0,0,0,34.119,0.253,0.300,15.488,0
4363898c,27.131,168.710,141.58,SUCCEEDED,0.000,0.000,24.970,-12.659,-0.604,35.451,139,0,0,0,35.375,0.250,0.300,18.560,0
0d600123,170.222,303.897,133.67,SUCCEEDED,24.971,-12.660,3.182,0.609,1.284,34.225,131,0,0,0,34.095,0.255,0.300,15.857,0
fc78806a,15.561,166.234,150.67,SUCCEEDED,0.000,0.000,25.188,-12.190,0.063,35.451,148,0,0,0,35.270,0.234,0.300,23.962,0
a2da9cda,167.737,306.144,138.41,SUCCEEDED,25.188,-12.190,2.506,-0.667,1.383,34.239,135,0,0,0,33.782,0.244,0.300,16.830,0
15a653b5,30.114,173.751,143.64,SUCCEEDED,0.000,0.000,25.317,-11.589,-0.138,35.451,141,0,0,0,35.407,0.247,0.300,19.251,0
19107e23,175.259,323.199,147.94,SUCCEEDED,25.317,-11.589,2.988,-0.323,1.333,34.129,146,0,0,0,34.235,0.232,0.300,27.053,0
f46afdad,19.890,20.712,0.82,ABORTED,0.000,0.000,0.000,0.000,0.000,35.451,1,0,0,0,0.000,0.000,0.000,0.682,0
6bac9653,23.668,38.336,14.67,ABORTED,-0.000,0.000,-0.012,-0.229,-1.581,35.382,11,0,0,0,0.397,0.030,0.300,13.024,0
cccfc9a4,14.042,152.400,138.36,SUCCEEDED,0.000,0.000,25.266,-11.771,-0.016,35.451,135,0,0,0,35.762,0.259,0.300,14.678,0
23b662f8,153.911,294.406,140.50,SUCCEEDED,25.276,-11.771,2.489,-0.069,1.390,34.259,138,0,0,0,34.454,0.245,0.300,16.510,0
fa39100f,76.061,211.860,135.80,SUCCEEDED,0.000,0.000,25.381,-11.438,-0.542,35.451,134,0,0,0,35.680,0.263,0.300,13.536,0
221d44e6,213.358,354.367,141.01,SUCCEEDED,25.381,-11.438,2.522,0.048,1.356,34.275,139,0,0,0,34.740,0.247,0.300,18.090,0
0970c2b3,355.877,607.340,251.46,SUCCEEDED,2.522,0.048,46.680,-34.092,-0.688,64.610,245,0,0,0,65.043,0.259,0.300,22.836,0
ee96593e,66.205,102.369,36.16,SUCCEEDED,0.000,0.000,-2.685,-5.371,2.582,8.068,35,0,0,0,8.225,0.228,0.300,7.288,0
a388704c,226.114,254.682,28.57,SUCCEEDED,-0.000,0.000,-0.542,1.723,0.236,1.875,28,0,0,0,1.840,0.065,0.300,21.398,0
8518810c,257.302,287.701,30.40,ABORTED,-0.542,1.723,-1.182,-2.632,-1.524,4.818,30,0,0,0,4.430,0.146,0.300,15.078,0
9b1cb643,287.701,321.587,33.89,ABORTED,-1.182,-2.632,-0.196,1.352,1.633,4.481,34,0,0,0,4.323,0.128,0.300,18.500,0
f57f18bf,321.587,356.977,35.39,ABORTED,-0.197,1.371,-1.160,-2.502,-1.468,4.675,34,0,0,0,4.586,0.130,0.300,9.950,0
b0ee2201,356.977,391.554,34.58,ABORTED,-1.114,-2.836,-0.311,0.956,1.542,4.668,19,1,0,1,4.587,0.133,0.300,9.102,0
0a4d4b9d,391.554,432.840,41.29,SUCCEEDED,-0.297,1.467,-0.980,-2.938,-0.503,4.660,31,0,1,0,4.792,0.116,0.300,24.137,0
572e5d59,502.888,531.814,28.93,ABORTED,-0.980,-2.938,-0.818,-0.365,1.369,4.710,29,0,0,0,2.840,0.098,0.300,18.621,0
69a07d6e,531.814,565.078,33.26,ABORTED,-0.769,-0.125,-1.119,-2.523,-1.830,3.081,31,1,0,0,3.221,0.097,0.300,21.621,0
7c23fd72,565.078,598.174,33.10,ABORTED,-1.253,-3.031,-0.298,-0.112,1.171,4.650,29,0,0,1,3.216,0.097,0.300,21.692,0
896774e7,598.174,652.942,54.77,SUCCEEDED,-0.298,-0.112,-1.469,-2.952,-0.129,3.418,43,0,1,0,4.133,0.076,0.300,39.166,0
da0a1bd2,699.905,733.012,33.11,ABORTED,-1.469,-2.952,0.390,0.698,1.029,4.950,33,0,0,0,4.417,0.134,0.300,17.778,0
8a733c77,733.012,784.662,51.65,ABORTED,0.543,0.952,-1.790,-2.683,-1.240,4.325,38,1,0,1,4.604,0.089,0.300,33.333,0
8fe84d31,784.662,822.348,37.69,ABORTED,-1.790,-2.683,0.065,0.209,0.769,4.760,27,0,1,0,3.587,0.096,0.300,24.771,0
57648037,822.348,868.251,45.90,SUCCEEDED,0.065,0.209,-2.072,-2.596,-0.972,3.731,32,1,0,1,4.184,0.091,0.300,30.712,0
d7461bc9,161.599,198.726,37.13,SUCCEEDED,-0.000,0.000,-0.463,1.773,0.226,1.875,28,1,0,0,2.159,0.059,0.300,27.915,0
c3dc73d5,205.648,248.835,43.19,SUCCEEDED,-0.463,1.773,-1.251,-2.949,-0.465,4.860,52,0,0,0,4.829,0.112,0.300,26.024,0
b58cfa1f,56.980,95.570,38.59,SUCCEEDED,0.000,0.000,-0.492,1.711,0.247,1.875,45,0,0,0,2.511,0.065,0.300,12.305,2
cf371147,101.284,150.685,49.40,SUCCEEDED,-0.492,1.711,-1.152,-3.029,-0.429,4.818,58,0,0,0,5.521,0.112,0.300,13.001,2
bcd74278,104.405,125.347,20.94,ABORTED,-0.000,0.000,-0.059,-0.025,-2.743,9.954,22,1,0,0,0.064,0.003,0.100,5.323,0
57fa6b79,125.347,222.592,97.25,SUCCEEDED,-0.059,-0.025,4.676,1.299,2.870,9.826,89,0,0,1,10.074,0.104,0.300,47.190,1
55aa277e,150.228,1021.556,871.33,ABORTED,-0.000,0.000,-0.997,-4.006,-2.184,19.279,673,1,17,17,4.567,0.005,0.300,849.772,0
55aa277e,150.228,1021.556,871.33,ABORTED,-0.000,0.000,-0.997,-4.006,-2.184,19.279,673,1,17,17,4.567,0.005,0.300,849.772,0
4761d7ea,45.633,261.302,215.67,CANCELED,0.000,0.000,-3.808,-0.422,0.942,19.355,194,2,1,2,16.403,0.076,0.300,95.848,4
834ebc5e,44.565,79.153,34.59,CANCELED,0.000,0.000,0.177,0.525,-2.333,19.296,37,0,0,0,0.829,0.024,0.300,7.010,1
571a8112,364.941,419.937,55.00,CANCELED,-0.000,0.000,-0.118,-0.222,-2.451,19.311,52,1,0,0,1.642,0.030,0.300,25.867,2
54b4e12c,48.672,232.896,184.22,SUCCEEDED,0.000,0.000,-7.514,0.479,-0.739,19.324,171,2,1,1,21.917,0.119,0.300,72.131,2
da591681,234.280,246.125,11.85,ABORTED,-7.514,0.479,-5.467,1.533,0.475,13.389,12,0,0,0,2.823,0.239,0.300,2.145,0
0d64139f,41.378,100.415,59.04,CANCELED,0.000,0.000,-0.398,0.388,-2.213,19.280,53,1,0,0,1.370,0.023,0.300,16.487,3
5bb69b28,111.908,132.530,20.62,CANCELED,-0.496,0.256,-1.882,-4.145,-1.529,19.578,22,0,0,0,4.794,0.233,0.300,1.738,0
f2bde2a0,34.694,252.968,218.27,CANCELED,0.000,0.000,-3.108,-4.685,1.418,19.287,181,2,2,2,8.755,0.040,0.300,171.114,2
5c34f564,179.397,183.518,4.12,SUCCEEDED,-0.000,0.000,-0.067,-0.351,-1.760,0.453,4,0,0,0,0.358,0.088,0.300,2.454,0
7e8c76a3,13.642,26.580,12.94,CANCELED,0.000,0.000,1.601,0.760,0.609,4.624,14,0,0,0,1.781,0.138,0.300,3.411,0
7a560523,2119.714,2135.827,16.11,SUCCEEDED,1.703,0.832,-0.096,0.284,-1.988,2.097,18,0,0,0,1.883,0.117,0.300,8.140,0
a67fe7a9,165.186,165.600,0.41,CANCELED,-0.000,0.000,0.080,0.000,0.000,4.539,0,0,0,0,0.080,0.206,0.300,0.000,0
c2495fb3,395.105,395.805,0.70,ABORTED,-0.000,0.000,-0.000,0.000,-0.000,1.443,0,0,0,0,0.000,0.000,0.000,0.583,0
7c83603d,395.805,399.803,4.00,ABORTED,-0.000,-0.000,0.014,0.004,0.283,1.062,4,0,0,0,0.014,0.004,0.191,1.988,0
90f6016f,399.803,406.126,6.32,SUCCEEDED,0.014,0.004,1.246,0.363,0.283,1.386,6,0,0,0,1.283,0.203,0.300,0.000,0
a9d75867,406.503,407.702,1.20,ABORTED,1.255,0.365,1.255,0.365,0.283,0.000,0,0,0,0,0.000,0.000,0.000,1.084,0
4c28d4b0,407.702,411.702,4.00,ABORTED,1.255,0.365,1.255,0.365,0.529,0.000,0,1,0,0,0.000,0.000,0.000,3.335,0
fd5019ca,411.702,414.002,2.30,ABORTED,1.255,0.365,1.255,0.365,0.460,0.000,0,0,0,0,0.000,0.000,0.000,0.000,0
64193742,414.002,417.232,3.23,ABORTED,1.255,0.365,1.255,0.365,0.353,0.000,0,0,0,0,0.000,0.000,0.000,1.526,0
6d846e98,417.232,419.246,2.01,ABORTED,1.255,0.365,1.255,0.365,0.353,0.000,0,0,0,1,0.000,0.000,0.000,0.501,0
b8b37960,419.246,419.906,0.66,ABORTED,1.255,0.365,0.000,0.000,0.000,0.000,0,0,0,0,0.000,0.000,0.000,0.000,0
c6f5d8d9,419.906,446.306,26.40,ABORTED,1.255,0.365,1.255,0.365,-3.036,0.183,17,0,1,0,0.000,0.000,0.000,17.200,0
f5979600,446.306,447.004,0.70,ABORTED,1.255,0.365,1.255,0.365,-3.036,0.000,0,0,0,0,0.000,0.000,0.000,0.000,0
80c6ee54,447.004,448.303,1.30,ABORTED,1.255,0.365,1.255,0.365,-3.036,0.000,0,0,0,0,0.000,0.000,0.000,0.000,0
96829494,448.303,449.102,0.80,ABORTED,1.255,0.365,0.000,0.000,0.000,0.000,0,0,0,0,0.000,0.000,0.000,0.000,0
28b934c2,449.102,457.706,8.60,ABORTED,1.255,0.365,0.817,-0.031,-2.406,1.188,7,0,0,0,0.703,0.082,0.300,5.914,0
ec83a16f,457.706,458.403,0.70,ABORTED,0.734,-0.106,0.000,0.000,0.000,0.586,0,0,0,0,0.190,0.267,0.300,0.000,0
06c98dc4,458.403,459.107,0.70,ABORTED,0.593,-0.234,0.000,0.000,0.000,0.656,0,0,0,0,0.202,0.283,0.300,0.000,0
4ebaf8b6,459.107,460.003,0.90,ABORTED,0.443,-0.369,0.398,-0.411,-2.406,0.746,0,0,0,0,0.265,0.300,0.300,0.000,0
e0ee1020,460.003,460.704,0.70,ABORTED,0.246,-0.547,0.000,0.000,0.000,0.891,0,0,0,0,0.074,0.100,0.300,0.512,0
7d2e89fb,460.704,465.625,4.92,SUCCEEDED,0.192,-0.597,-0.408,-1.551,-1.977,1.062,4,0,0,0,1.132,0.232,0.300,0.656,0
30cb0fa4,466.508,467.743,1.24,SUCCEEDED,-0.412,-1.560,-0.507,-1.782,-1.977,0.387,1,0,0,0,0.242,0.195,0.259,0.032,0
55b8a624,468.005,468.803,0.80,ABORTED,-0.528,-1.830,0.000,0.000,0.000,0.411,0,0,0,0,0.189,0.231,0.293,0.033,0
c77ffd34,468.803,475.605,6.80,SUCCEEDED,-0.602,-2.004,-0.773,-2.401,-1.977,0.572,7,0,0,0,0.433,0.064,0.300,1.966,0
6b969403,30.804,31.502,0.70,ABORTED,0.000,0.000,0.000,0.000,0.000,1.537,0,0,0,0,0.000,0.000,0.000,0.609,0
0a93edaa,31.502,32.209,0.71,ABORTED,-0.000,-0.000,0.027,0.007,0.257,1.127,0,0,0,0,0.028,0.042,0.224,0.444,0
f0345d7d,32.209,32.920,0.71,ABORTED,0.027,0.007,0.027,0.007,0.257,0.833,0,0,0,0,0.000,0.000,0.000,0.455,0
608336a9,32.920,33.704,0.78,ABORTED,0.027,0.007,0.000,0.000,0.000,0.518,0,0,0,0,0.000,0.000,0.000,0.752,0
9c42215a,33.704,34.507,0.80,ABORTED,0.027,0.007,0.000,0.000,0.000,0.183,0,0,0,0,0.000,0.000,0.000,0.000,0
47945fd0,34.507,76.907,42.40,ABORTED,0.027,0.007,0.103,-0.330,1.791,0.212,16,1,1,1,0.345,0.008,0.250,33.693,0
170b5b24,76.907,77.604,0.70,ABORTED,0.103,-0.330,0.103,-0.330,1.887,0.000,0,0,0,0,0.000,0.000,0.000,0.276,0
dfc4445e,77.604,83.404,5.80,ABORTED,0.103,-0.330,-0.118,-0.511,-2.453,0.742,5,0,0,0,0.358,0.062,0.211,3.825,0
e3ed8876,83.404,87.309,3.91,SUCCEEDED,-0.174,-0.558,-0.434,-0.915,-1.969,0.563,3,0,0,0,0.444,0.114,0.220,1.334,0
16d8d296,88.903,89.807,0.90,ABORTED,-0.484,-1.034,-0.547,-1.185,-1.969,0.326,1,0,0,0,0.164,0.182,0.243,0.000,0
caf0f170,89.807,89.908,0.10,SUCCEEDED,-0.547,-1.185,-0.547,-1.185,-1.969,0.000,0,0,0,0,0.000,0.000,0.000,0.000,0
1698d6db,90.703,91.402,0.70,ABORTED,-0.597,-1.303,-0.612,-1.338,-1.969,0.682,0,0,0,0,0.150,0.215,0.300,0.000,0
798e916a,91.402,92.102,0.70,ABORTED,-0.656,-1.442,0.000,0.000,0.000,0.841,0,0,0,0,0.204,0.300,0.300,0.000,0
0da328c4,92.102,95.310,3.21,SUCCEEDED,-0.735,-1.630,-1.084,-2.459,-1.969,0.941,3,0,0,0,0.899,0.278,0.300,0.000,0
d45db5ab,117.104,117.120,0.02,SUCCEEDED,-1.085,-2.460,-1.085,-2.460,-1.771,0.121,0,0,0,0,0.000,0.000,0.000,0.000,0
bb152de0,122.803,122.874,0.07,SUCCEEDED,-1.085,-2.460,-1.085,-2.460,-1.771,0.050,0,0,0,0,0.000,0.000,0.000,0.000,0
7ecdc4a4,132.902,138.215,5.31,SUCCEEDED,-1.085,-2.460,-1.085,-2.460,-1.576,0.162,6,0,0,0,0.000,0.000,0.000,2.920,0
92a35666,144.606,150.203,5.60,ABORTED,-1.085,-2.460,-1.085,-2.460,-1.851,0.256,6,0,0,0,0.008,0.002,0.134,0.472,0
85f0e37d,150.203,150.879,0.68,SUCCEEDED,-1.087,-2.468,-1.087,-2.468,-1.851,0.050,0,0,0,0,0.000,0.000,0.000,0.542,0
261a18b1,158.207,158.901,0.69,ABORTED,-1.087,-2.468,-1.087,-2.468,-1.851,0.322,0,0,0,0,0.000,0.000,0.000,0.000,0
fb4a2706,158.901,159.605,0.70,ABORTED,-1.087,-2.468,0.000,0.000,0.000,0.643,0,0,0,0,0.000,0.000,0.000,0.000,0
7c85f776,159.605,160.341,0.74,ABORTED,-1.087,-2.468,-1.087,-2.468,-1.728,0.983,0,0,0,0,0.000,0.000,0.000,0.337,0
11b617dc,160.341,161.008,0.67,ABORTED,-1.087,-2.468,0.000,0.000,0.000,1.355,0,0,0,0,0.000,0.000,0.000,0.619,0
715e5449,161.008,161.705,0.70,ABORTED,-1.087,-2.468,0.000,0.000,0.000,1.681,0,0,0,0,0.000,0.000,0.000,0.615,0
d6283f41,161.705,163.604,1.90,ABORTED,-1.087,-2.468,-1.087,-2.468,-0.886,1.971,1,0,0,0,0.000,0.000,0.000,1.819,0
44103077,163.604,164.404,0.80,ABORTED,-1.087,-2.468,-1.087,-2.468,-0.043,2.284,0,0,0,0,0.000,0.000,0.000,0.654,0
c5528fab,164.404,174.107,9.70,ABORTED,-1.087,-2.468,0.244,-1.237,0.747,2.494,10,0,0,0,2.202,0.227,0.300,2.075,0
ef397193,174.107,174.805,0.70,ABORTED,0.529,-0.973,0.533,-0.967,0.959,0.392,0,0,0,0,0.126,0.181,0.300,0.000,0
3c591aed,174.805,175.507,0.70,ABORTED,0.601,-0.870,0.694,-0.738,0.959,0.723,0,0,0,0,0.162,0.238,0.291,0.000,0
8f431d48,175.507,179.408,3.90,ABORTED,0.694,-0.738,1.264,-0.168,0.474,0.855,3,0,0,0,0.821,0.211,0.300,0.958,0
f4c74a0e,179.408,182.804,3.40,ABORTED,1.264,-0.168,1.558,-0.093,0.218,0.518,3,0,0,0,0.352,0.104,0.300,0.511,0
6b9a44b1,182.804,183.540,0.74,SUCCEEDED,1.604,-0.083,1.632,-0.077,0.386,0.000,0,0,0,0,0.028,0.036,0.100,0.442,0
91ac0d32,188.405,189.104,0.70,ABORTED,1.356,-0.189,1.356,-0.189,0.387,0.000,0,0,0,0,0.057,0.086,0.100,0.000,0
ac637a85,189.104,189.806,0.70,ABORTED,1.409,-0.168,0.000,0.000,0.000,0.000,0,0,0,0,0.071,0.100,0.100,0.000,0
6a0ae100,189.806,190.434,0.63,SUCCEEDED,1.475,-0.141,1.531,-0.118,0.387,0.071,0,0,0,0,0.061,0.100,0.100,0.000,0
9b2a47fe,194.007,194.703,0.70,ABORTED,1.579,-0.098,1.579,-0.098,0.762,0.000,0,0,0,0,0.000,0.000,0.000,0.607,0
e60d0fd7,194.703,195.405,0.70,ABORTED,1.579,-0.098,0.000,0.000,0.000,0.000,0,0,0,0,0.000,0.000,0.000,0.609,0
c2b40ce3,195.405,202.509,7.10,ABORTED,1.579,-0.098,1.949,0.400,0.492,1.804,7,0,0,0,0.639,0.091,0.300,4.109,0
bab6811b,202.509,204.504,2.00,ABORTED,1.955,0.402,2.219,0.463,0.048,1.147,1,0,0,0,0.374,0.187,0.300,0.475,0
61eee9ab,204.504,205.607,1.10,ABORTED,2.320,0.468,0.000,0.000,0.000,1.063,0,0,0,0,0.136,0.120,0.230,0.442,0
3083cb61,205.607,206.503,0.90,ABORTED,2.456,0.474,2.552,0.455,-0.193,1.326,0,0,0,0,0.207,0.236,0.248,0.068,0
9ce426ea,206.503,208.008,1.50,ABORTED,2.660,0.434,2.854,0.338,-0.463,1.485,1,0,0,0,0.217,0.146,0.248,0.388,0
5684b4a0,208.008,208.805,0.80,ABORTED,2.854,0.338,2.861,0.334,-0.463,1.524,0,0,0,0,0.087,0.103,0.248,0.477,0
f925c988,208.805,209.503,0.70,ABORTED,2.932,0.299,0.000,0.000,0.000,1.775,0,0,0,0,0.142,0.215,0.295,0.000,0
66b58e8f,209.503,210.307,0.80,ABORTED,3.039,0.205,3.167,0.093,-0.718,1.877,0,0,0,0,0.241,0.295,0.295,0.000,0
e9cbed40,210.307,211.004,0.70,ABORTED,3.220,0.047,0.000,0.000,0.000,2.108,0,0,0,0,0.073,0.103,0.295,0.507,0
b4320767,211.004,211.704,0.70,ABORTED,3.275,-0.001,0.000,0.000,0.000,0.000,0,0,0,0,0.150,0.215,0.295,0.000,0
8cfd1d88,211.704,212.404,0.70,ABORTED,3.357,-0.126,3.418,-0.219,-0.989,2.601,0,0,0,0,0.211,0.295,0.295,0.000,0
1847ab5d,212.404,219.603,7.20,ABORTED,3.473,-0.302,4.159,-2.066,-1.350,2.908,8,0,0,0,1.893,0.264,0.300,0.708,0
8c240548,219.603,220.405,0.80,ABORTED,4.159,-2.066,4.171,-2.155,-1.430,1.081,0,0,0,0,0.168,0.209,0.300,0.000,0
740091b2,220.405,227.695,7.29,SUCCEEDED,4.182,-2.232,3.885,-3.525,-2.168,1.215,7,0,0,0,1.360,0.187,0.300,1.365,0
c593d34b,242.607,242.746,0.14,SUCCEEDED,3.822,-3.618,3.822,-3.618,-2.168,0.121,0,0,0,0,0.000,0.000,0.000,0.000,0
a976dfd6,244.802,244.823,0.02,SUCCEEDED,3.782,-3.677,3.782,-3.677,-2.168,0.191,0,0,0,0,0.000,0.000,0.000,0.000,0
72af7e8f,249.103,261.504,12.40,ABORTED,3.472,-4.132,3.521,-4.040,1.081,0.000,0,1,1,1,0.180,0.015,0.220,7.915,0
84e33fd9,261.504,265.905,4.40,ABORTED,3.556,-3.974,3.765,-3.583,0.188,0.000,0,0,0,1,0.443,0.101,0.220,2.413,0
de3d39bd,265.905,270.006,4.10,ABORTED,3.765,-3.583,3.780,-3.616,-1.450,0.271,3,0,0,0,0.154,0.038,0.220,2.894,0
ccf0dfdd,270.006,270.456,0.45,SUCCEEDED,3.790,-3.732,3.789,-3.735,-1.732,0.100,0,0,0,0,0.003,0.010,0.091,0.288,0
eccaebd4,271.708,273.437,1.73,SUCCEEDED,3.788,-3.740,3.720,-3.811,-2.340,0.233,2,0,0,0,0.098,0.057,0.107,0.646,0
f376ed43,278.808,279.028,0.22,CANCELED,3.720,-3.811,3.720,-3.811,-2.573,0.162,0,0,0,0,0.000,0.000,0.000,0.130,0
f6a2b1f2,29.207,29.904,0.70,ABORTED,0.000,0.000,0.000,0.000,0.000,1.443,0,0,0,0,0.000,0.000,0.000,0.582,0
c58f964d,29.904,30.604,0.70,ABORTED,-0.000,-0.000,0.000,0.000,0.000,1.085,0,0,0,0,0.014,0.022,0.190,0.452,0
9c235038,30.604,31.321,0.72,ABORTED,0.013,0.004,0.013,0.004,0.285,0.792,0,0,0,0,0.000,0.000,0.000,0.489,0
57d57f79,31.321,32.104,0.78,ABORTED,0.013,0.004,0.000,0.000,0.000,0.475,0,0,0,0,0.000,0.000,0.000,0.750,0
96c6c78f,32.104,33.005,0.90,ABORTED,0.013,0.004,0.000,0.000,0.000,0.141,0,0,0,0,0.000,0.000,0.000,0.000,0
a72b6e7a,33.005,53.106,20.10,ABORTED,0.013,0.004,0.013,0.004,2.158,0.212,21,0,0,0,0.000,0.000,0.000,17.097,0
f32b7416,53.106,54.105,1.00,ABORTED,0.013,0.004,0.013,0.004,2.068,0.326,1,0,0,0,0.000,0.000,0.000,0.520,0
89923792,54.105,55.104,1.00,ABORTED,0.013,0.004,0.013,0.004,2.466,0.610,0,0,0,0,0.000,0.000,0.000,0.876,0
7c097e60,55.104,72.404,17.30,ABORTED,0.013,0.004,0.013,0.003,-2.999,0.852,7,1,0,1,0.001,0.000,0.034,12.114,0
0804597a,72.404,85.107,12.70,ABORTED,0.013,0.003,0.032,0.343,-2.386,0.545,8,0,0,0,0.647,0.051,0.300,8.809,0
340cf8b5,85.107,86.303,1.20,ABORTED,-0.139,0.091,-0.181,0.030,-2.168,0.518,1,0,0,0,0.310,0.253,0.300,0.000,0
1a16be04,86.303,86.662,0.36,SUCCEEDED,-0.314,-0.165,-0.356,-0.227,-2.168,0.000,0,0,0,0,0.075,0.220,0.220,0.075,0
7411199b,87.004,88.505,1.50,ABORTED,-0.357,-0.229,-0.382,-0.267,-2.168,0.778,1,0,0,0,0.217,0.146,0.193,0.242,0
0ca690e4,88.505,89.704,1.20,ABORTED,-0.479,-0.409,-0.510,-0.488,-1.942,0.875,1,0,0,0,0.144,0.120,0.193,0.263,0
ab6ae882,89.704,90.402,0.70,ABORTED,-0.532,-0.543,0.000,0.000,0.000,0.000,0,0,0,0,0.131,0.193,0.193,0.000,0
ba933b5a,90.402,94.404,4.00,ABORTED,-0.579,-0.665,-0.841,-1.337,-1.942,1.257,4,0,0,0,0.956,0.238,0.240,0.000,0
09ce1ee9,94.404,95.304,0.90,ABORTED,-0.926,-1.556,0.000,0.000,0.000,0.524,0,0,0,0,0.191,0.217,0.240,0.000,0
82824a1e,95.304,96.406,1.10,ABORTED,-0.995,-1.734,-1.001,-1.750,-1.942,0.620,0,0,0,0,0.316,0.282,0.300,0.000,0
de8a09c6,96.406,97.102,0.70,ABORTED,-1.110,-2.029,0.000,0.000,0.000,0.650,0,0,0,0,0.203,0.299,0.300,0.000,0
2075439d,97.102,97.806,0.70,ABORTED,-1.183,-2.218,-1.261,-2.418,-1.942,1.060,0,0,0,0,0.214,0.300,0.300,0.000,0
3908d66d,97.806,98.501,0.69,ABORTED,-1.261,-2.418,0.000,0.000,0.000,1.101,0,0,0,0,0.214,0.300,0.300,0.000,0
7ac35eab,98.501,103.503,5.00,ABORTED,-1.339,-2.617,-1.651,-3.825,-1.740,1.277,5,0,0,0,1.269,0.254,0.300,0.541,0
b20f4217,103.503,106.907,3.40,ABORTED,-1.654,-3.840,-1.656,-3.946,-1.513,0.476,3,0,0,0,0.156,0.047,0.220,2.048,0
a10b01a6,106.907,107.671,0.76,SUCCEEDED,-1.654,-3.995,-1.644,-4.159,-1.513,0.000,0,0,0,0,0.165,0.220,0.220,0.000,0
3fd11ee8,108.405,112.403,4.00,ABORTED,-1.635,-4.323,-1.621,-4.567,-1.513,0.000,0,1,0,1,0.245,0.060,0.220,2.977,0
5fac8d08,112.403,124.903,12.50,ABORTED,-1.621,-4.567,-1.621,-4.567,-1.513,0.000,0,0,0,0,0.000,0.000,0.000,12.369,0
cc96bbf5,124.903,125.605,0.70,ABORTED,-1.621,-4.567,-1.621,-4.567,-1.513,0.370,0,0,0,0,0.000,0.000,0.000,0.208,0
0dd0f41d,125.605,133.306,7.70,ABORTED,-1.621,-4.567,-1.596,-5.014,-2.257,0.000,0,0,1,0,0.447,0.059,0.220,5.512,0
9d818903,133.306,136.202,2.90,SUCCEEDED,-1.596,-5.014,-1.666,-4.997,-2.834,0.229,3,0,0,0,0.072,0.025,0.100,1.923,0
4ff93dce,139.504,141.421,1.92,CANCELED,-1.711,-5.013,-1.711,-5.013,1.334,0.191,2,0,0,0,0.000,0.000,0.000,1.835,0
6b0d3e34,147.504,147.622,0.12,CANCELED,-1.711,-5.013,-1.711,-5.013,-2.521,0.262,0,0,0,0,0.000,0.000,0.000,0.000,0
f7401dc6,148.702,150.604,1.90,ABORTED,-1.711,-5.013,-1.711,-5.013,-2.521,0.404,2,0,0,0,0.000,0.000,0.000,0.000,0
82c894be,150.604,151.303,0.70,ABORTED,-1.711,-5.013,0.000,0.000,0.000,0.000,0,0,0,0,0.000,0.000,0.000,0.000,0
b9f9f125,151.303,154.005,2.70,ABORTED,-1.711,-5.013,-1.977,-5.288,-2.293,1.386,3,0,0,0,0.385,0.143,0.221,0.572,0
3d8739f1,154.005,157.104,3.10,ABORTED,-1.977,-5.288,-2.062,-5.376,-2.552,0.865,2,0,0,0,0.241,0.078,0.221,0.985,0
4706a018,157.104,158.503,1.40,ABORTED,-2.166,-5.431,-2.262,-5.464,-2.809,0.981,1,0,0,0,0.293,0.209,0.222,0.035,0
aa699905,158.503,159.650,1.15,ABORTED,-2.442,-5.527,-2.570,-5.537,-3.064,1.091,0,0,0,0,0.128,0.120,0.230,0.335,0
d92abb4f,159.650,161.705,2.06,ABORTED,-2.570,-5.537,-2.911,-5.538,2.961,1.194,1,0,0,0,0.343,0.163,0.231,0.478,0
349164e8,161.705,164.105,2.40,ABORTED,-2.911,-5.538,-3.139,-5.462,2.687,0.684,2,0,0,0,0.302,0.125,0.188,0.813,0
78082c3f,164.105,172.310,8.20,ABORTED,-3.192,-5.436,-4.396,-4.616,1.953,2.004,9,0,0,0,1.475,0.181,0.300,2.152,0
10675a30,172.310,191.609,19.30,ABORTED,-4.396,-4.616,-4.401,-4.603,0.228,0.865,20,0,0,0,0.014,0.001,0.191,4.523,0
0daa76f3,191.609,192.303,0.69,ABORTED,-4.401,-4.603,-4.401,-4.603,0.228,0.121,0,0,0,0,0.000,0.000,0.000,0.311,0
9764e184,192.303,192.414,0.11,SUCCEEDED,-4.401,-4.603,-4.401,-4.603,0.382,0.000,0,0,0,0,0.000,0.000,0.000,0.018,0
0664e5f4,194.504,195.306,0.80,ABORTED,-4.401,-4.603,-4.401,-4.603,0.599,0.000,0,0,0,0,0.000,0.000,0.000,0.267,0
fb0b2d4d,195.306,203.506,8.20,ABORTED,-4.401,-4.603,-4.401,-4.603,0.599,0.000,0,1,0,0,0.000,0.000,0.000,0.000,0
5d2fb4fb,203.506,205.203,1.70,ABORTED,-4.401,-4.603,-4.401,-4.603,0.963,0.000,0,0,0,0,0.000,0.000,0.000,1.561,0
f5bcf917,205.203,205.902,0.70,ABORTED,-4.401,-4.603,0.000,0.000,0.000,0.000,0,0,0,0,0.000,0.000,0.000,0.626,0
5c9efd86,205.902,206.807,0.91,ABORTED,-4.401,-4.603,-4.401,-4.603,0.747,0.000,0,0,0,1,0.000,0.000,0.000,0.819,0
a2df418b,206.807,231.705,24.90,ABORTED,-4.401,-4.603,-4.461,-4.673,1.164,0.000,0,2,2,1,1.074,0.043,0.254,17.891,0
1b9def2b,231.705,235.503,3.80,ABORTED,-4.461,-4.673,-4.726,-4.894,0.861,0.000,0,0,0,1,0.345,0.090,0.250,2.519,0
3b3ec62f,235.503,236.707,1.20,ABORTED,-4.726,-4.894,-4.725,-4.893,1.132,0.000,0,0,0,0,0.001,0.001,0.040,1.068,0
4e401743,236.707,237.703,1.00,ABORTED,-4.725,-4.893,0.000,0.000,0.000,0.000,0,0,0,0,0.014,0.016,0.193,0.778,0
23c00c24,237.703,240.079,2.38,SUCCEEDED,-4.716,-4.882,-4.716,-4.882,0.844,0.100,0,0,0,0,0.000,0.000,0.000,1.578,0
d587d9d2,244.604,245.903,1.30,ABORTED,-4.716,-4.882,-4.716,-4.882,1.058,0.340,1,0,0,0,0.000,0.000,0.000,0.509,0
f800a5a1,245.903,247.303,1.40,ABORTED,-4.716,-4.882,-4.716,-4.882,1.058,0.700,1,0,0,0,0.000,0.000,0.000,0.000,0
2ac94598,247.303,248.007,0.70,ABORTED,-4.716,-4.882,0.000,0.000,0.000,0.000,0,0,0,0,0.000,0.000,0.000,0.000,0
80b6b07a,248.007,252.304,4.30,ABORTED,-4.716,-4.882,-4.563,-4.732,0.774,0.000,0,1,0,1,0.529,0.124,0.300,0.506,0
a317ecc2,252.304,256.904,4.60,ABORTED,-4.338,-4.513,-4.299,-4.474,0.620,0.000,0,0,0,0,0.055,0.012,0.100,4.118,0
cfa93742,256.904,1742.203,1485.30,SUCCEEDED,-4.299,-4.474,-2.565,-3.911,-1.479,3.096,16,70,70,70,126.948,0.086,0.300,662.184,362
670e0939,2138.504,2138.624,0.12,CANCELED,-2.565,-3.911,-2.565,-3.911,-1.755,0.920,0,0,0,0,0.000,0.000,0.000,0.000,0
0184aa3c,2151.405,2152.807,1.40,ABORTED,-2.565,-3.911,-2.565,-3.911,-0.521,0.333,1,0,0,0,0.000,0.000,0.000,0.000,0
770c2377,2152.807,2156.784,3.98,SUCCEEDED,-2.565,-3.911,-2.079,-4.190,-0.533,0.693,4,0,0,0,0.561,0.141,0.300,0.100,0
67cb6524,2157.504,2158.936,1.43,SUCCEEDED,-2.079,-4.190,-1.904,-4.379,-0.823,0.406,1,0,0,0,0.258,0.179,0.285,0.108,0
12581a3b,2159.804,2162.824,3.02,SUCCEEDED,-1.903,-4.380,-1.733,-4.667,-1.097,0.498,3,0,0,0,0.336,0.112,0.300,0.754,0
557e72f1,2171.604,2174.503,2.90,ABORTED,-1.733,-4.667,-1.733,-4.667,-1.097,0.000,0,1,0,0,0.021,0.008,0.220,0.000,0
4efb252c,2174.503,2175.205,0.70,ABORTED,-1.724,-4.685,-1.652,-4.825,-1.097,0.000,0,0,0,0,0.157,0.220,0.220,0.000,0
348377af,2175.205,2179.708,4.50,ABORTED,-1.652,-4.825,-1.640,-4.849,-1.097,0.000,0,0,0,0,0.026,0.005,0.220,0.000,0
33373767,2179.708,2180.505,0.80,ABORTED,-1.640,-4.849,0.000,0.000,0.000,0.000,0,0,0,0,0.000,0.000,0.000,0.000,0
b7d167b8,2180.505,2183.004,2.50,ABORTED,-1.640,-4.849,-1.640,-4.849,-1.097,1.035,0,0,0,0,0.197,0.080,0.220,0.000,0
6556d573,2183.004,2221.471,38.47,SUCCEEDED,-1.550,-5.024,-1.297,-7.440,-1.108,3.086,44,0,0,0,3.820,0.100,0.300,20.891,0
f5ec4c1b,57.105,57.807,0.70,ABORTED,0.000,0.000,0.000,0.000,0.000,1.443,0,0,0,0,0.000,0.000,0.000,0.605,0
034cde2a,57.807,58.702,0.90,ABORTED,-0.000,-0.000,0.000,0.000,0.000,1.062,0,0,0,0,0.009,0.010,0.139,0.781,0
ed448c18,58.702,59.504,0.80,ABORTED,0.009,0.002,0.009,0.002,0.269,0.721,0,0,0,0,0.000,0.000,0.000,0.696,0
20456b2a,59.504,60.606,1.10,ABORTED,0.009,0.002,0.000,0.000,0.000,0.411,1,0,0,0,0.000,0.000,0.000,0.434,0
c6c5f3a1,60.606,61.406,0.80,ABORTED,0.009,0.002,0.009,0.002,0.269,0.000,0,0,0,0,0.000,0.000,0.000,0.000,0
e83d3655,61.406,71.307,9.90,ABORTED,0.009,0.002,0.009,0.002,0.269,0.212,10,0,0,0,0.000,0.000,0.000,0.000,0
62d7c164,71.307,74.303,3.00,ABORTED,0.009,0.002,0.009,0.002,0.269,0.322,3,0,0,0,0.000,0.000,0.000,0.369,0
f76dd4b2,74.303,75.002,0.70,ABORTED,0.009,0.002,0.000,0.000,0.000,0.657,0,0,0,0,0.001,0.002,0.034,0.555,0
76f6a8a3,75.002,75.703,0.70,ABORTED,0.010,0.002,0.010,0.002,-1.560,0.965,0,0,0,0,0.000,0.000,0.000,0.610,0
59c30b42,75.703,76.408,0.70,ABORTED,0.010,0.002,0.010,0.002,-1.875,1.280,0,0,0,0,0.000,0.000,0.000,0.599,0
733b04b6,76.408,77.107,0.70,ABORTED,0.010,0.002,0.000,0.000,0.000,1.681,0,0,0,0,0.000,0.000,0.000,0.608,0
ee8e8717,77.107,84.308,7.20,ABORTED,0.010,0.002,-0.880,-1.265,-2.027,1.752,7,0,0,0,1.740,0.242,0.300,1.098,0
cde238be,84.308,85.005,0.70,ABORTED,-0.961,-1.428,0.000,0.000,0.000,0.000,0,0,0,0,0.105,0.150,0.240,0.137,0
45fc6cd4,85.005,85.908,0.90,ABORTED,-0.989,-1.530,-0.989,-1.530,-1.842,0.524,1,0,0,0,0.000,0.000,0.000,0.782,0
279663bf,85.908,87.305,1.40,ABORTED,-0.989,-1.530,-0.989,-1.530,-1.842,1.199,0,0,0,0,0.000,0.000,0.000,0.852,0
a237991c,87.305,96.822,9.52,SUCCEEDED,-0.989,-1.530,-1.254,-2.811,-1.358,1.418,10,0,0,0,1.320,0.139,0.300,1.894,0
383a0cdb,104.510,107.007,2.50,ABORTED,-1.254,-2.811,-1.289,-3.267,-1.648,1.406,2,0,0,0,0.575,0.230,0.248,0.000,0
91afb6fe,107.007,109.306,2.30,ABORTED,-1.298,-3.384,-1.341,-3.696,-1.921,1.194,2,0,0,0,0.317,0.139,0.248,0.544,0
bd99b28d,109.306,129.571,20.26,SUCCEEDED,-1.341,-3.696,-2.385,-5.854,-2.427,2.833,22,0,0,0,2.546,0.126,0.300,5.891,0
536302d2,137.307,137.409,0.10,CANCELED,-2.385,-5.854,-2.385,-5.854,-2.195,0.693,0,0,0,0,0.000,0.000,0.000,0.000,0
fbe41195,157.402,158.107,0.70,ABORTED,-2.385,-5.854,-2.385,-5.854,1.852,0.377,0,0,0,0,0.000,0.000,0.000,0.308,0
5e35db0a,158.107,158.803,0.70,ABORTED,-2.385,-5.854,0.000,0.000,0.000,0.000,0,0,0,0,0.000,0.000,0.000,0.613,0
c4654af3,158.803,159.580,0.78,ABORTED,-2.385,-5.854,-2.385,-5.854,1.852,0.000,0,0,0,0,0.000,0.000,0.000,0.162,0
240f760d,159.580,160.306,0.73,ABORTED,-2.385,-5.854,-2.385,-5.854,1.852,0.000,0,0,0,0,0.000,0.000,0.000,0.000,0
07471dff,160.306,164.803,4.50,ABORTED,-2.385,-5.854,-2.391,-5.842,2.078,1.293,5,0,0,0,0.169,0.038,0.300,0.577,0
dbca19b3,164.803,166.803,2.00,ABORTED,-2.466,-5.706,-2.561,-5.537,2.078,1.872,1,0,0,0,0.592,0.300,0.300,0.000,0
45dbfe44,166.803,167.603,0.80,ABORTED,-2.754,-5.189,-2.837,-5.041,2.078,1.608,0,0,0,0,0.184,0.225,0.300,0.000,0
25c1c077,167.603,168.302,0.70,ABORTED,-2.844,-5.029,0.000,0.000,0.000,1.768,0,0,0,0,0.068,0.100,0.100,0.000,0
91f78614,168.302,170.406,2.10,ABORTED,-2.877,-4.969,-2.902,-4.883,1.720,0.000,0,1,0,0,0.273,0.132,0.300,0.938,0
4682dd6c,170.406,171.539,1.13,ABORTED,-2.907,-4.700,-2.915,-4.374,1.596,3.304,0,0,0,0,0.326,0.300,0.300,0.000,0
80ea686b,171.539,175.545,4.01,ABORTED,-2.915,-4.374,-2.945,-3.170,1.596,0.000,0,0,0,1,1.204,0.300,0.300,0.000,0
950bf98e,175.545,177.903,2.36,ABORTED,-2.945,-3.170,-3.012,-2.870,1.906,0.350,0,0,0,0,0.312,0.130,0.300,1.154,0
e7bbefb1,177.903,178.708,0.80,ABORTED,-3.014,-2.867,-3.027,-2.847,2.264,0.563,0,0,0,0,0.024,0.034,0.191,0.523,0
bf962e51,178.708,181.302,2.59,ABORTED,-3.027,-2.847,-3.182,-2.662,2.264,0.677,2,0,0,0,0.667,0.255,0.300,0.000,0
776eb95d,181.302,181.363,0.06,SUCCEEDED,-3.454,-2.334,-3.454,-2.334,2.264,0.000,0,0,0,0,0.000,0.000,0.000,0.000,0
68e7580e,182.004,187.024,5.02,SUCCEEDED,-3.457,-2.330,-3.830,-1.545,1.993,1.017,5,0,0,0,0.872,0.175,0.300,0.545,0
28c90fff,190.001,190.705,0.70,ABORTED,-3.831,-1.541,-3.831,-1.541,1.993,0.000,0,0,0,0,0.000,0.000,0.000,0.000,0
d8739e94,190.705,191.403,0.70,ABORTED,-3.831,-1.541,0.000,0.000,0.000,0.000,0,0,0,0,0.000,0.000,0.000,0.000,0
d3ccbb10,191.403,192.106,0.70,ABORTED,-3.831,-1.541,-3.831,-1.541,2.018,0.000,0,0,0,0,0.000,0.000,0.000,0.198,0
38d8f3dd,192.106,194.203,2.10,ABORTED,-3.831,-1.541,-3.831,-1.541,2.008,0.000,0,1,0,0,0.000,0.000,0.000,1.976,0
5f1b2a21,194.203,195.303,1.10,ABORTED,-3.831,-1.541,0.000,0.000,0.000,0.000,0,0,0,0,0.000,0.000,0.000,0.597,0
3ec39156,195.303,196.006,0.70,ABORTED,-3.831,-1.541,-3.831,-1.541,2.016,0.000,0,0,0,0,0.000,0.000,0.000,0.000,0
97ee0e54,196.006,196.703,0.70,ABORTED,-3.831,-1.541,-3.831,-1.541,2.025,0.000,0,0,0,0,0.000,0.000,0.000,0.197,0
ba81dfbe,196.703,199.305,2.60,ABORTED,-3.831,-1.541,-3.831,-1.541,2.002,0.000,0,0,0,0,0.000,0.000,0.000,2.117,0
45620de7,199.305,201.005,1.70,ABORTED,-3.831,-1.541,-3.815,-1.576,2.002,0.000,0,0,0,0,0.268,0.160,0.250,0.000,0
7de39382,201.005,208.865,7.86,SUCCEEDED,-3.719,-1.784,-3.741,-1.671,1.932,0.294,8,0,0,0,0.271,0.034,0.250,6.705,1
fb016d19,20.249,34.986,14.74,SUCCEEDED,-0.000,-0.000,2.538,0.354,0.531,2.597,16,0,0,0,2.660,0.181,0.300,4.975,0
e1a9d613,35.053,86.994,51.94,SUCCEEDED,2.538,0.354,9.216,0.656,-0.377,9.976,58,0,0,0,10.027,0.193,0.300,15.880,0
04dbc448,87.044,134.984,47.94,SUCCEEDED,9.216,0.656,11.042,4.524,1.440,5.378,54,0,0,0,7.508,0.157,0.300,20.128,0
ed88f2cb,135.054,185.566,50.51,SUCCEEDED,11.042,4.524,6.157,7.948,2.262,8.219,57,0,0,0,8.397,0.167,0.300,19.329,0
feeb0d16,185.624,236.557,50.93,SUCCEEDED,6.157,7.948,-0.133,5.526,-2.396,7.827,57,0,0,0,8.245,0.162,0.300,20.070,0
5edd153c,28.160,54.744,26.58,SUCCEEDED,-0.000,-0.000,2.059,0.331,0.435,2.193,31,0,0,0,2.788,0.105,0.300,14.979,0
96132e7b,54.797,149.428,94.63,SUCCEEDED,2.059,0.331,8.783,0.375,-0.004,10.082,104,1,0,0,11.753,0.125,0.300,48.684,0
3d419b97,149.482,206.050,56.57,SUCCEEDED,8.783,0.375,12.136,3.558,1.169,5.016,65,0,0,0,8.093,0.144,0.300,25.865,0
4ee00511,206.100,250.673,44.57,SUCCEEDED,12.136,3.558,8.379,7.855,2.708,7.820,51,0,0,0,7.879,0.177,0.300,15.747,0
c53b169f,250.715,295.288,44.57,SUCCEEDED,8.379,7.855,1.382,7.606,2.979,7.897,51,0,0,0,8.092,0.182,0.300,15.985,0
a4b786ca,26.437,40.361,13.92,SUCCEEDED,-0.000,-0.000,2.125,0.318,0.484,2.193,16,0,0,0,2.275,0.164,0.300,5.512,0
0de9d5f8,40.421,90.124,49.70,SUCCEEDED,2.125,0.318,8.834,0.435,-0.404,10.125,59,0,0,0,10.271,0.207,0.300,13.242,0
6329a764,90.173,140.298,50.12,SUCCEEDED,8.834,0.435,11.106,4.200,0.964,4.977,59,0,0,0,7.904,0.158,0.300,20.449,0
c13841f7,140.343,187.776,47.43,SUCCEEDED,11.106,4.200,6.279,6.871,2.982,7.965,55,0,0,0,7.956,0.168,0.300,17.829,0
5bf34a4e,187.824,232.946,45.12,SUCCEEDED,6.279,6.871,-0.300,4.475,-2.999,7.880,52,0,0,0,8.165,0.181,0.300,16.082,0
d7c367f3,28.011,41.991,13.98,SUCCEEDED,-0.000,-0.000,2.148,0.292,0.502,2.193,15,0,0,0,2.268,0.163,0.300,5.592,0
39cb613a,42.045,96.085,54.04,SUCCEEDED,2.148,0.292,8.775,0.748,0.231,10.106,62,0,0,0,10.462,0.194,0.300,16.577,0
75dd9f49,96.085,147.070,50.99,SUCCEEDED,8.775,0.748,11.096,4.260,0.922,4.984,59,0,0,0,7.561,0.149,0.300,22.544,0
93d70893,147.111,199.819,52.71,SUCCEEDED,11.096,4.260,6.340,7.330,2.290,7.937,61,0,0,0,8.313,0.158,0.300,21.394,0
dccf7df5,199.819,244.002,44.18,SUCCEEDED,6.340,7.330,-0.070,4.959,-2.961,7.878,51,0,0,0,8.041,0.182,0.300,15.115,0
0097c13e,38.315,53.607,15.29,SUCCEEDED,-0.000,-0.000,2.085,0.314,0.506,2.193,17,0,0,0,2.251,0.148,0.300,6.630,0
2e795d9b,54.999,75.154,20.16,SUCCEEDED,2.085,0.314,5.075,1.221,-0.349,3.419,22,0,0,0,3.459,0.172,0.300,7.114,0
01cb05c3,76.543,100.392,23.85,SUCCEEDED,5.075,1.221,9.076,0.562,-0.348,4.039,25,0,0,0,4.139,0.174,0.300,5.986,0
26c349d7,42.583,77.320,34.74,SUCCEEDED,-0.000,-0.000,2.796,0.451,0.450,3.000,37,0,0,0,4.355,0.126,0.300,16.793,4
cc4be697,78.709,103.677,24.97,SUCCEEDED,2.796,0.451,5.288,1.040,-0.381,3.208,27,0,0,0,3.249,0.131,0.300,12.497,0
e46ff34b,105.065,155.176,50.11,CANCELED,5.288,1.040,9.622,0.230,-0.086,4.554,22,1,1,1,6.602,0.132,0.300,20.210,6
94cd5b7b,19.512,35.560,16.05,SUCCEEDED,-0.000,-0.000,4.053,-0.252,0.206,4.110,17,0,0,0,4.083,0.255,0.300,1.513,0
eadad068,36.981,49.409,12.43,SUCCEEDED,4.054,-0.252,5.304,1.185,0.320,2.026,13,0,0,0,1.943,0.157,0.300,5.227,0
9f2b8537,50.817,75.852,25.04,SUCCEEDED,5.304,1.185,9.935,1.255,-0.342,4.545,26,0,0,0,4.716,0.189,0.300,5.384,0
f740b18f,77.273,83.904,6.63,SUCCEEDED,9.935,1.255,10.471,2.101,1.244,1.127,7,0,0,0,1.002,0.151,0.300,2.869,0
5f5609ca,85.308,110.862,25.55,SUCCEEDED,10.471,2.101,10.455,5.765,1.224,6.866,22,0,0,1,4.342,0.170,0.300,6.611,2
74c3f447,112.268,163.323,51.06,SUCCEEDED,10.455,5.765,4.908,6.173,2.705,7.544,55,0,0,0,8.325,0.163,0.300,17.133,2
82fca5b4,164.728,205.285,40.56,SUCCEEDED,4.908,6.173,0.606,1.945,-2.563,7.162,44,0,0,0,7.278,0.180,0.300,14.358,0
b93b256f,29.553,46.296,16.74,SUCCEEDED,-0.000,-0.000,3.997,-0.266,0.436,4.110,18,0,0,0,4.039,0.242,0.300,2.110,0
b97733fc,47.697,60.870,13.17,SUCCEEDED,3.997,-0.266,5.242,1.197,0.341,1.996,14,0,0,0,2.023,0.154,0.300,5.601,0
3c8ec02c,62.288,81.608,19.32,SUCCEEDED,5.242,1.197,9.805,1.382,0.035,4.537,21,0,0,0,4.569,0.236,0.300,0.578,0
187390c4,83.007,89.970,6.96,SUCCEEDED,9.882,1.385,10.443,2.355,1.307,1.235,7,0,0,0,1.122,0.161,0.300,2.674,0
680e00ec,91.379,129.180,37.80,SUCCEEDED,10.443,2.355,10.572,5.991,1.875,6.824,35,0,0,1,5.781,0.153,0.300,12.443,6
9db1ba37,130.593,172.001,41.41,SUCCEEDED,10.572,5.991,4.670,5.784,2.771,7.713,44,0,0,0,7.814,0.189,0.300,12.976,0
ff64b32e,173.413,232.202,58.79,SUCCEEDED,4.670,5.784,0.924,1.170,-2.533,7.116,64,0,0,0,7.574,0.129,0.300,19.237,0
58dd06cd,69.190,85.286,16.10,SUCCEEDED,-0.000,-0.000,4.020,-0.253,0.259,4.110,18,0,0,0,4.049,0.252,0.300,1.522,0
adfe57bb,86.624,97.889,11.27,SUCCEEDED,4.020,-0.253,5.271,1.179,0.315,2.026,12,0,0,0,1.921,0.171,0.300,4.205,0
92c550cf,99.300,118.807,19.51,SUCCEEDED,5.271,1.179,9.862,1.196,0.025,4.513,21,0,0,0,4.593,0.236,0.300,0.720,0
e9b1cdb3,120.212,126.778,6.57,SUCCEEDED,9.862,1.196,10.493,2.137,1.178,1.332,7,0,0,0,1.133,0.173,0.300,2.420,0
3b2c5bc6,128.131,317.048,188.92,SUCCEEDED,10.493,2.137,12.103,5.726,1.118,7.123,185,2,1,1,16.384,0.087,0.300,112.633,26
60a6447d,318.261,360.098,41.84,SUCCEEDED,12.103,5.726,6.292,6.262,2.680,7.804,48,0,0,0,7.830,0.188,0.300,13.510,0
122f9ff0,361.414,411.766,50.35,SUCCEEDED,6.292,6.262,2.227,2.157,-2.052,7.142,55,0,0,0,7.501,0.149,0.300,22.525,0
da3c378b,17.967,34.883,16.92,SUCCEEDED,-0.000,-0.000,4.018,-0.269,0.445,4.110,18,0,0,0,4.061,0.241,0.300,2.269,0
7f443245,36.268,48.898,12.63,SUCCEEDED,4.018,-0.269,5.275,1.214,0.334,1.996,13,0,0,0,2.032,0.161,0.300,5.030,0
768d1019,50.299,70.182,19.88,SUCCEEDED,5.275,1.214,9.851,1.477,-0.163,4.518,21,0,0,0,4.589,0.231,0.300,0.986,0
e567440f,71.552,78.102,6.55,SUCCEEDED,9.920,1.465,10.418,2.278,1.271,1.127,7,0,0,0,0.953,0.146,0.300,2.851,0
0d3eb88b,79.480,123.380,43.90,SUCCEEDED,10.418,2.278,10.380,5.768,1.514,6.949,39,0,0,1,6.335,0.145,0.300,15.960,8
18dde63f,124.776,136.667,11.89,SUCCEEDED,10.384,5.845,8.106,6.192,-2.861,2.444,12,0,0,0,2.312,0.195,0.300,3.539,0
ca515712,138.023,313.830,175.81,SUCCEEDED,8.097,6.189,4.092,6.896,2.858,7.562,146,2,2,2,18.055,0.103,0.300,97.365,30
8931429f,315.203,357.384,42.18,SUCCEEDED,4.092,6.896,0.415,1.370,-2.434,7.924,46,0,0,0,8.157,0.194,0.300,13.073,0
a150cfc4,18.348,34.237,15.89,SUCCEEDED,-0.000,-0.000,4.035,-0.211,0.232,4.110,17,0,0,0,4.059,0.256,0.300,1.491,0
2c4c7158,35.621,47.581,11.96,SUCCEEDED,4.037,-0.211,5.299,1.178,0.344,1.996,13,0,0,0,1.911,0.160,0.300,4.719,0
139d9491,48.918,68.793,19.88,SUCCEEDED,5.299,1.178,9.871,1.380,-0.181,4.518,21,0,0,0,4.580,0.231,0.300,1.114,0
10705204,70.192,76.847,6.66,SUCCEEDED,9.873,1.380,10.456,2.170,1.233,1.173,7,0,0,0,0.982,0.148,0.300,2.969,0
202db582,78.223,95.154,16.93,ABORTED,10.456,2.170,9.812,2.374,2.671,7.020,17,0,0,0,1.804,0.107,0.300,9.177,0
202db582,78.223,95.154,16.93,ABORTED,10.456,2.170,9.812,2.374,2.296,7.020,17,0,0,0,1.804,0.107,0.300,9.177,0
057f43d9,11.038,29.887,18.85,SUCCEEDED,-0.000,-0.000,4.011,-0.180,0.440,4.110,20,0,0,0,4.075,0.216,0.300,4.116,0
a43bbafd,31.277,261.423,230.15,ABORTED,4.011,-0.180,5.226,1.185,0.618,1.918,152,4,3,4,1.876,0.008,0.300,6.720,0
a43bbafd,31.277,261.423,230.15,ABORTED,4.011,-0.180,5.226,1.185,0.618,1.918,152,4,3,4,1.876,0.008,0.300,6.720,0
4871154d,30.521,46.356,15.84,SUCCEEDED,-0.000,-0.000,3.972,-0.243,0.230,4.110,18,0,0,0,4.002,0.253,0.300,1.532,0
9b9f5a84,47.774,59.727,11.95,SUCCEEDED,3.972,-0.243,5.292,1.146,0.351,1.987,13,0,0,0,1.932,0.162,0.300,4.949,0
30be047a,61.142,80.436,19.29,SUCCEEDED,5.292,1.146,9.828,1.343,0.037,4.513,20,0,0,0,4.543,0.236,0.300,0.612,0
70f6774f,81.813,88.063,6.25,SUCCEEDED,9.903,1.346,10.423,2.196,1.205,1.191,7,0,0,0,0.996,0.159,0.300,2.537,0
153d3b12,89.451,129.573,40.12,SUCCEEDED,10.423,2.196,10.405,5.835,1.239,6.981,44,0,0,0,5.695,0.142,0.300,14.733,6
2245f00b,130.956,141.528,10.57,SUCCEEDED,10.405,5.835,8.456,6.512,3.024,2.252,11,0,0,0,2.067,0.196,0.300,3.145,0
b913bd2d,142.929,197.638,54.71,SUCCEEDED,8.455,6.512,5.034,6.955,2.661,7.466,51,1,0,1,9.844,0.180,0.300,14.918,5
97fba4bc,198.901,242.109,43.21,SUCCEEDED,5.034,6.955,0.478,2.390,-2.083,7.897,48,0,0,0,7.951,0.185,0.300,14.989,0
a852fec3,13.873,30.803,16.93,SUCCEEDED,-0.000,-0.000,4.064,-0.259,0.444,4.110,18,0,0,0,4.102,0.243,0.300,2.143,0
6f35964c,32.175,44.357,12.18,SUCCEEDED,4.071,-0.256,5.311,1.176,0.341,2.026,13,0,0,0,1.916,0.158,0.300,4.927,0
3f99b26b,45.709,71.350,25.64,SUCCEEDED,5.311,1.176,9.916,1.341,-0.230,4.525,27,0,0,0,4.694,0.183,0.300,6.211,0
61921284,72.741,78.932,6.19,SUCCEEDED,9.916,1.341,10.339,2.204,1.243,1.152,6,0,0,0,0.961,0.156,0.300,2.551,0
7c47c095,80.323,235.885,155.56,SUCCEEDED,10.339,2.204,10.428,6.001,1.180,6.942,123,2,2,2,5.793,0.037,0.300,130.305,6
736e3013,237.198,247.323,10.12,SUCCEEDED,10.428,6.002,8.449,6.640,2.869,2.252,10,0,0,0,2.079,0.205,0.300,2.726,0
96bc1015,248.740,368.256,119.52,ABORTED,8.449,6.640,8.142,5.191,-1.831,7.484,104,1,1,1,13.451,0.113,0.300,56.467,32
96bc1015,248.740,368.256,119.52,ABORTED,8.449,6.640,8.136,5.168,-2.055,7.484,104,1,1,1,13.451,0.113,0.300,56.467,32
df7a593a,11.347,27.501,16.15,SUCCEEDED,-0.000,-0.000,4.082,-0.237,0.215,4.110,16,0,0,0,4.110,0.255,0.300,1.529,0
d7fab874,28.942,44.807,15.87,SUCCEEDED,4.090,-0.235,5.262,1.221,0.309,1.965,16,0,0,0,1.984,0.125,0.300,8.313,0
0ee84577,46.222,65.572,19.35,SUCCEEDED,5.262,1.221,9.854,1.406,0.037,4.510,20,0,0,0,4.596,0.238,0.300,0.518,0
e8516ed4,67.000,74.663,7.66,SUCCEEDED,9.856,1.406,10.496,2.328,1.415,1.214,8,0,0,0,1.127,0.148,0.300,3.224,0
e9473bda,76.102,86.541,10.44,ABORTED,10.497,2.330,10.349,3.572,1.652,7.108,10,0,0,0,1.259,0.121,0.220,3.910,0
f3e27c43,89.887,329.145,239.26,ABORTED,10.348,3.580,10.348,3.580,-1.265,0.000,0,1,14,14,0.000,0.000,0.000,7.165,0
f3e27c43,89.887,329.145,239.26,ABORTED,10.348,3.580,10.348,3.580,-1.265,0.000,0,1,14,14,0.000,0.000,0.000,7.165,0
0f3a09c7,45.163,61.156,15.99,SUCCEEDED,-0.000,-0.000,4.025,-0.252,0.217,4.110,17,0,0,0,4.055,0.254,0.300,1.569,0
ad47275a,62.578,75.344,12.77,SUCCEEDED,4.034,-0.250,5.270,1.189,0.388,1.987,13,0,0,0,1.964,0.154,0.300,5.479,0
ce043681,76.715,102.689,25.97,SUCCEEDED,5.270,1.189,9.903,1.299,-0.266,4.554,28,0,0,0,4.766,0.184,0.300,6.104,0
7140fc1c,104.075,110.748,6.67,SUCCEEDED,9.903,1.299,10.352,2.275,1.264,1.154,7,0,0,0,1.074,0.161,0.300,2.584,0
e6849076,112.152,134.274,22.12,SUCCEEDED,10.352,2.275,10.339,5.848,1.167,6.857,18,0,0,1,3.588,0.162,0.300,6.938,0
35016b15,135.670,146.457,10.79,SUCCEEDED,10.339,5.848,8.395,6.512,3.060,2.238,11,0,0,0,2.058,0.194,0.300,3.158,0
22e967e1,147.614,219.119,71.50,SUCCEEDED,8.371,6.514,4.822,7.007,-2.977,7.514,70,0,0,1,10.914,0.153,0.300,23.423,5
176a1e54,220.533,262.034,41.50,SUCCEEDED,4.822,7.007,0.248,2.424,-2.622,7.823,45,0,0,0,7.793,0.188,0.300,13.283,0
298bd6b3,49.771,65.587,15.82,SUCCEEDED,-0.000,-0.000,3.941,-0.252,0.312,4.110,17,0,0,0,3.969,0.251,0.300,1.706,0
a0f5ccfa,67.002,78.673,11.67,SUCCEEDED,3.941,-0.252,5.250,1.167,0.533,1.987,12,0,0,0,1.966,0.169,0.300,4.291,0
c40368a6,80.084,100.332,20.25,SUCCEEDED,5.250,1.167,9.821,1.428,-0.179,4.586,21,0,0,0,4.586,0.227,0.300,1.349,0
02a4f3fb,101.767,107.953,6.19,SUCCEEDED,9.891,1.415,10.394,2.258,1.085,1.152,6,0,0,0,0.982,0.159,0.300,2.480,0
29f0ba6b,109.363,214.748,105.39,SUCCEEDED,10.394,2.258,10.528,5.839,1.013,6.867,81,1,1,2,4.407,0.042,0.300,87.207,2
64fba5c9,216.166,226.888,10.72,SUCCEEDED,10.528,5.839,8.480,6.443,3.100,2.336,11,0,0,0,2.138,0.199,0.300,3.135,0
002ae284,228.298,284.890,56.59,SUCCEEDED,8.480,6.443,5.020,6.719,2.545,7.533,59,0,0,0,9.805,0.174,0.300,17.598,5
857e735b,286.290,346.724,60.43,SUCCEEDED,5.020,6.719,0.583,2.046,-1.821,7.916,67,0,0,0,8.161,0.135,0.300,20.231,0
961a5b5c,43.953,60.686,16.73,SUCCEEDED,-0.000,-0.000,4.012,-0.241,0.408,4.110,17,0,0,0,4.051,0.243,0.300,2.173,0
f9eeb90f,62.112,72.076,9.96,SUCCEEDED,4.079,-0.212,5.305,1.179,0.489,1.955,10,0,0,0,1.859,0.187,0.300,3.154,0
052a8d9b,73.498,93.058,19.56,SUCCEEDED,5.305,1.179,9.864,1.421,0.040,4.565,20,0,0,0,4.573,0.234,0.300,0.882,0
25d228ef,94.476,100.476,6.00,SUCCEEDED,9.872,1.422,10.421,2.217,1.049,1.173,6,0,0,0,0.966,0.161,0.300,2.321,0
f03304a0,101.898,147.948,46.05,SUCCEEDED,10.421,2.217,10.586,5.842,1.086,6.997,44,0,0,1,6.457,0.140,0.300,17.141,8
c123a2e2,149.374,160.069,10.70,SUCCEEDED,10.586,5.842,8.629,6.584,2.986,2.238,11,0,0,0,2.096,0.197,0.300,3.092,0
3dc956ce,161.488,216.233,54.75,SUCCEEDED,8.629,6.584,5.182,7.085,2.463,7.549,57,0,0,0,9.742,0.178,0.300,15.784,5
c39a51eb,217.648,268.048,50.40,SUCCEEDED,5.182,7.085,0.733,2.534,-2.020,7.882,53,0,0,0,8.174,0.163,0.300,20.913,0
c35ae88c,12.350,40.619,28.27,SUCCEEDED,-0.000,-0.000,4.036,-0.196,0.653,4.110,30,0,0,0,4.266,0.152,0.300,12.062,0
935c4354,42.021,55.295,13.27,SUCCEEDED,4.036,-0.196,5.276,1.098,0.510,1.909,14,0,0,0,1.908,0.144,0.300,5.824,0
fbdcee8e,57.138,57.199,0.06,SUCCEEDED,5.276,1.098,5.276,1.098,0.385,0.050,0,0,0,0,0.000,0.000,0.000,0.000,0
cf574f83,59.061,59.080,0.02,SUCCEEDED,5.276,1.098,5.276,1.098,0.369,0.000,0,0,0,0,0.000,0.000,0.000,0.000,0
fa116762,60.957,61.000,0.04,SUCCEEDED,5.276,1.098,5.276,1.098,0.369,0.000,0,0,0,0,0.000,0.000,0.000,0.000,0
efbc91a2,62.386,89.977,27.59,SUCCEEDED,5.276,1.098,9.993,1.168,0.528,4.546,26,0,0,0,4.871,0.177,0.300,7.474,0
7f9fcf30,91.367,97.004,5.64,SUCCEEDED,9.993,1.168,10.514,2.103,1.062,1.216,6,0,0,0,1.071,0.191,0.300,1.599,0
c3fdec74,98.889,98.951,0.06,SUCCEEDED,10.518,2.111,10.518,2.111,1.207,0.150,0,0,0,0,0.000,0.000,0.000,0.000,0
27bdd048,100.774,100.811,0.04,SUCCEEDED,10.519,2.112,10.519,2.112,1.223,0.150,0,0,0,0,0.000,0.000,0.000,0.000,0
f291d929,102.677,102.745,0.07,SUCCEEDED,10.519,2.112,10.519,2.112,1.358,0.150,0,0,0,0,0.000,0.000,0.000,0.000,0
6c2857e4,104.110,157.948,53.84,ABORTED,10.519,2.112,10.561,2.108,2.319,3.575,42,1,0,1,4.268,0.080,0.300,32.247,12
6c2857e4,104.110,157.948,53.84,ABORTED,10.519,2.112,10.546,2.130,2.125,3.575,42,1,0,1,4.268,0.080,0.300,32.247,12
a3ea6e3f,13.968,31.280,17.31,SUCCEEDED,-0.000,-0.000,3.992,-0.275,0.597,4.110,18,0,0,0,4.042,0.234,0.300,2.599,0
7ebb2e1b,32.778,44.976,12.20,SUCCEEDED,4.000,-0.269,5.251,1.199,0.535,2.004,12,0,0,0,2.009,0.165,0.300,4.680,0
7e20523b,46.469,67.704,21.24,SUCCEEDED,5.251,1.199,9.874,1.499,-0.438,4.545,21,0,0,0,4.649,0.219,0.300,2.000,0
8e55650b,69.180,75.891,6.71,SUCCEEDED,9.874,1.499,10.397,2.275,1.204,1.077,6,0,0,0,0.936,0.140,0.300,3.027,0
597a7919,77.354,277.520,200.17,ABORTED,10.424,2.345,11.585,2.585,2.542,6.984,177,2,2,2,17.096,0.086,0.267,115.262,46
